nep4_zbl 1 C
zbl 0.6 1.2
cutoff 4.2 3.7 83 59
n_max 10 8
basis_size 10 8
l_max 4 2 1
ANN 100 0
 -3.3820137e-01
  5.0546397e-02
  4.9872436e-02
  3.1789982e-01
  1.2333815e+00
  3.5467997e-02
 -1.1773353e-01
  3.8248172e-01
  7.4273151e-01
 -1.0458779e-01
  8.7884277e-01
  5.6970787e-01
  1.1227349e+00
  5.7816029e-01
  3.5430869e-01
  2.6315355e-01
  1.2839283e+00
  6.8794549e-01
  1.4672773e-01
  4.4729739e-01
  1.7428337e-01
  2.7105370e-01
  1.5060419e-01
  1.9776675e-01
 -2.4853768e-02
  2.0668598e-01
  4.9203789e-01
  5.6564826e-01
  3.3809197e-01
  3.3388481e-01
  1.8422486e-01
  1.2991920e+00
  4.2193270e-01
  7.0654511e-01
 -1.0417435e-01
  8.2212597e-01
  3.6177378e-02
 -6.2590681e-02
 -3.2171425e-01
  2.3124124e-01
  2.8763539e-01
  4.4369417e-01
  5.5078227e-02
 -6.7652583e-02
  3.2302418e-01
 -2.1565481e-01
 -2.3764744e-01
  3.2408696e-02
  5.2193712e-02
  1.0217020e-01
  3.7014207e-01
 -7.7333421e-02
  2.9224364e-02
 -7.9336278e-02
  2.5591221e-01
 -6.7418560e-02
  1.4302929e-01
  5.7476267e-02
  1.1355674e-02
  9.8117836e-02
  6.0423559e-01
 -6.7205948e-04
  1.2093113e-01
 -1.8339181e-02
 -1.2046962e-02
  3.0189154e-01
  1.3246163e+00
 -3.6016613e-02
 -3.5953779e-02
  5.2064943e-01
  5.7568300e-01
 -5.9922564e-01
 -2.9317668e-01
  2.2825342e-01
 -8.6050540e-02
  3.5828792e-02
 -8.4066361e-01
  4.5604032e-01
 -4.3279905e-02
  3.6368248e-01
 -4.3828383e-01
  2.8034883e-02
  4.3604472e-01
  1.4655675e-01
  6.1095697e-01
 -5.1626474e-02
  3.9298034e-01
  4.7349623e-01
  1.4587103e-01
 -1.6125982e-01
 -1.1081798e-01
  6.5840298e-01
  9.0720165e-01
 -1.6982098e-01
  4.8782519e-01
  5.5645496e-01
  3.7784463e-01
  2.6131624e-01
  1.4210925e+00
  4.9243137e-01
  1.7486123e+00
 -4.5598945e-01
 -7.5013471e-01
  3.4321863e-02
 -4.7500128e-01
  9.9924916e-01
 -1.0249390e-01
  1.2774715e-01
  8.4427506e-01
 -2.0292515e-01
  7.0974776e-03
  1.1493438e+00
 -7.8828120e-01
 -8.3606020e-02
  1.3739523e-01
  1.8613198e-01
 -1.3633937e-01
 -1.8123220e-01
  9.8560177e-02
 -2.0635869e-01
  1.9704612e-01
  8.4633291e-02
  5.7223607e-02
 -5.1862482e-02
 -4.0201224e-02
 -1.1846392e-02
  2.5986647e-02
 -9.2038840e-01
 -1.1946432e-01
 -1.1633320e+00
  4.7899652e-02
  5.2591495e-02
  2.2297789e-01
 -7.5475886e-03
 -5.8248851e-02
  1.2772906e-01
 -1.3930510e-01
  4.2598176e-01
  3.1374329e-01
  2.8254890e-01
  7.3749269e-03
 -2.0305537e-02
 -2.7543865e-02
  4.9813062e-02
 -7.1708128e-02
 -9.8139226e-02
 -6.9266640e-02
  1.3417315e-02
 -2.5124015e-02
  2.8595107e-02
  2.3049827e-01
  5.4385338e-02
  9.4876647e-02
  8.8605762e-02
  9.5377855e-02
  7.1294636e-02
  8.1538267e-02
 -1.2679231e-02
  2.2402385e-02
  1.3642487e-01
  1.4304684e-01
  4.1130465e-02
  1.6558154e-01
 -2.3273815e-01
 -2.4464694e-01
  9.0861209e-02
  6.0815793e-02
  1.7636292e-01
  1.3878751e-01
 -8.1249222e-02
  1.3000551e-01
  1.8926662e-01
 -2.4650946e-01
  5.7281617e-02
 -2.5321301e-02
  6.0885198e-02
  2.7982992e-01
 -8.8946410e-02
 -1.2646896e-02
  5.1886868e-03
  1.5822433e-02
 -6.1530150e-02
  2.8617511e-02
 -3.3563715e-03
 -6.4143293e-02
 -3.4135446e-02
  6.4407311e-02
  2.2782348e-02
 -8.8133752e-02
  2.7491441e-02
  6.9758804e-03
  2.4238840e-02
 -1.3461120e-01
  1.1806026e-02
 -9.3804091e-02
  2.2234343e-01
 -3.7546712e-01
  5.9730075e-02
  7.9389250e-01
  1.6056664e+00
 -7.1300179e-01
 -2.1572037e+00
 -1.2247247e+00
  1.1742679e+00
 -2.8912294e+00
 -2.5820129e+00
  2.9697169e-02
  3.2497847e-01
  7.9332483e-01
 -4.4616795e-01
 -2.2039716e+00
 -1.3923786e+00
 -1.2646797e+00
 -5.2638215e-01
 -1.6382787e-02
 -4.1447325e+00
 -5.2034152e-01
 -2.5127634e-01
 -1.5191424e+00
  6.7792732e-01
  2.6996043e-01
 -7.8571779e-01
  1.2201172e+00
  1.9876040e+00
 -1.1224282e+00
 -2.4409411e+00
  1.2433796e-01
 -1.5243082e-01
  9.8437041e-01
  2.8664603e+00
 -5.6921113e-02
 -3.8269326e-01
 -4.4800801e+00
 -1.5944472e-01
 -4.3876883e-01
  1.3822637e-01
 -3.9796710e-01
  9.4772428e-01
  3.4459522e+00
  4.3418425e-01
 -1.0290308e+00
 -1.3530470e+00
  6.4473683e-01
 -1.9134695e-02
 -4.5215279e-01
  3.7317348e-01
  3.5011586e-02
  7.0829250e-02
 -1.5935312e-01
  1.4933446e-02
  6.1386520e-01
 -2.3874891e-01
  8.6971231e-02
 -1.3443369e-01
  4.6278596e-02
 -2.1887427e-02
 -9.0218484e-02
 -5.5431533e-01
 -7.6982699e-02
 -3.6658615e-01
 -3.3205713e-03
 -4.2283624e-01
  3.7466478e-02
 -1.2648927e-01
 -2.6311958e-01
 -5.3802031e-01
 -2.4250259e-01
 -1.0011304e-01
 -6.4719772e-01
 -2.5865763e-01
  9.7377293e-02
  5.6080535e-02
 -7.1823329e-02
 -4.6508017e-01
 -2.2646980e-01
 -3.5229955e-02
 -1.2605256e-01
  4.9457137e-02
 -1.8612698e-01
 -1.3236304e-01
 -7.1566156e-03
 -8.1380770e-02
 -7.6326631e-02
 -1.3205648e-02
 -3.1766048e-01
 -1.5249244e-02
 -2.1652289e-01
 -1.2378109e-01
 -5.0296191e-02
 -1.0874282e-01
  4.6013914e-02
 -2.9988214e-01
 -7.5927556e-02
 -1.7640610e-01
 -2.5915524e-01
 -3.7559775e-01
 -3.1665054e-01
  1.2488069e-01
 -2.1412948e-01
  5.9156682e-02
  1.1570186e-01
 -9.0041980e-02
 -5.0210033e-02
 -3.1085345e-01
 -2.5057128e-02
 -6.0028249e-01
 -1.6050832e-01
 -2.6591241e-01
 -2.8486254e-02
  8.8625256e-04
  4.0003553e-02
 -3.4303969e-01
 -4.8890669e-02
 -1.2942892e-02
  7.3238134e-02
  1.2033541e-01
 -3.9252609e-02
 -1.7306633e-02
 -3.2971252e-02
  1.5598922e-02
  1.5131756e-02
 -1.5410278e-02
  3.3919603e-01
  4.5152213e-02
  1.8512733e-01
 -7.4333344e-03
 -1.1215928e-01
  9.5794164e-02
 -9.7240053e-02
 -1.0187103e-01
 -1.0162883e-01
  1.4165145e-02
 -1.4977218e-01
 -7.6769225e-02
 -1.0865875e-01
  2.0249398e-02
  1.5369767e-02
 -1.6263667e-02
 -3.1870268e-02
 -3.6051273e-02
  2.7314050e-02
  3.1733058e-02
  9.5697382e-04
 -1.4348545e-02
 -1.0189987e-03
  3.2796219e-02
 -2.6169501e-02
  1.1994364e-01
 -4.7736730e-02
 -6.9630705e-02
  1.5718827e-02
  1.1600411e-02
  2.5075423e-02
  8.5464746e-02
 -1.4221144e-01
  1.9473881e-02
  8.1532868e-03
 -1.2481052e-02
  5.9033874e-02
  6.4968355e-02
  1.1145426e-02
 -4.3250718e-03
 -2.0983794e-01
 -1.1879873e-02
  3.9808691e-02
 -2.3629628e-03
 -4.7014426e-02
 -4.9658898e-02
 -8.6600408e-02
  5.7445574e-03
 -7.8755002e-03
  1.4623219e-01
  2.2900822e-02
  1.7962335e-02
  2.0293310e-02
  9.8032020e-03
  9.9887501e-04
 -2.9321725e-02
  2.0828324e-03
  1.6751776e-02
  8.9015896e-03
 -2.2791460e-02
 -5.4399418e-03
  3.2010723e-02
 -1.8774971e-02
 -3.4981696e-03
  3.3114713e-05
  4.1691083e-03
 -1.2837591e-02
  3.2329515e-02
 -3.6392686e+00
 -2.5411981e-01
 -2.7382088e+00
  6.7293048e-01
 -2.8262353e-01
  2.9122219e+00
 -3.2828048e-01
  2.7064037e+00
 -6.4993083e-01
  4.7455528e-01
  4.9098482e+00
  8.6168456e-01
  3.4659725e-01
 -7.6332903e-01
 -5.0839102e-01
 -1.9665888e-01
 -4.2981574e-01
 -4.5852444e-01
  5.8995266e-03
  1.1780087e+00
  9.7166711e-01
  1.5577661e-01
  5.0245464e-01
 -8.3593851e-01
  1.5570712e+00
 -3.3642998e+00
  2.1841863e-01
 -9.8910165e-01
 -9.7756284e-01
 -2.0640497e+00
  3.0494696e-01
 -8.7122196e-01
 -6.5896176e-03
  3.8708335e-01
  2.6128435e+00
 -3.2217726e-01
 -4.9193211e-02
 -2.5336373e+00
 -1.9827811e+00
  4.5186356e-01
 -1.7019192e+00
  8.7680042e-01
  4.4022924e-01
 -1.9038135e-02
  7.1862891e-02
  1.2989360e+00
  1.6392308e+00
 -7.8179914e-01
 -6.2202852e-02
  2.7651757e-01
 -1.0744379e-01
 -3.2198101e-01
 -6.6095799e-02
 -4.7256406e-02
 -1.8596846e-01
  4.7404629e-01
  2.6863307e-01
  2.5395002e-02
  9.7401910e-02
  2.7844865e-02
  2.5192812e-02
  1.8969232e-02
 -3.5238096e-01
 -6.4743288e-02
 -5.2106804e-01
 -2.9492903e-01
 -1.1812319e+00
 -3.3613175e-01
  3.2496744e-01
  5.4510289e-01
  1.0136678e+00
  1.1676545e+00
  2.6507521e-01
  4.8001981e-01
 -3.3006370e-02
 -7.2308648e-01
  2.1865160e+00
  2.9526010e-01
 -4.4055250e-01
  1.5183470e-01
  9.9426770e-01
  1.1234838e+00
 -1.0952067e+00
  1.8365860e+00
  6.2519747e-01
 -1.2050651e+00
 -2.0456772e-01
  5.0337726e-01
 -1.1294887e+00
  3.7475318e-01
 -3.2688519e-01
 -1.7835617e-01
  1.3899500e+00
 -1.0083666e+00
 -7.6783448e-01
 -8.8779336e-01
  1.1014624e+00
 -1.2567863e+00
 -1.6363641e+00
 -1.6753592e+00
  3.9057982e-01
 -1.2733380e+00
  3.5561822e-02
 -7.6345778e-01
  5.7180053e-01
 -1.7351971e+00
  5.6126844e-02
 -7.2168076e-01
  1.2384845e-01
 -9.6865363e-02
  3.0889323e-01
 -6.6151041e-01
 -1.0966582e+00
  1.1413497e-01
 -1.8407404e-01
  4.7784024e-01
 -3.2669798e-01
 -3.5444236e-01
 -2.1931797e-02
 -4.9218103e-01
 -6.7789888e-01
  5.9209907e-01
  1.0959566e-01
 -4.4119641e-01
 -3.6625881e-02
  3.9196435e-02
  1.7578985e-01
 -1.5028787e+00
 -1.7048012e-01
  1.0614777e-01
 -2.6406473e-01
 -1.6330004e+00
 -1.3721339e+00
  5.1474202e-01
  1.6995184e+00
 -4.6597636e-01
  2.1840639e-01
 -9.2070717e-01
 -1.1083148e-01
 -4.5921120e-01
  1.1836258e-01
 -5.9624713e-02
 -9.5715857e-01
 -3.9835596e-01
  1.6028832e+00
  6.0542625e-01
 -5.4995406e-01
 -1.5065961e+00
 -1.5123540e-01
  3.5219711e-01
 -2.4018304e+00
  9.3043762e-01
 -5.3868383e-01
  1.6810211e+00
  8.8041115e-01
 -7.6507622e-01
 -7.0125574e-01
  2.5593138e-01
  4.1533083e-01
  1.7616922e+00
  1.7026009e-01
 -7.3591483e-01
 -7.1485919e-01
 -6.1289454e-01
  1.9399593e+00
 -8.1250840e-01
  3.3595948e+00
 -5.8779693e-01
 -3.5699192e-02
 -1.0495613e+00
 -8.0426294e-01
  8.1890470e-01
  9.6798503e-01
 -4.9230313e-01
 -1.5753151e-01
  1.0265545e-01
 -1.0935335e+00
  5.1763308e-01
 -3.0880964e-01
 -5.1004744e-01
 -5.2293748e-01
  6.9459534e-01
 -3.3712682e-01
  2.2578211e+00
  4.5413274e-01
 -5.5255210e-01
 -5.0514597e-01
  8.3089583e-02
 -1.6667983e-01
  1.6453007e-03
  4.8475262e-02
  1.7559625e-01
  2.6020634e+00
  6.8661958e-01
 -1.7392962e-01
  1.2013071e+00
  1.6204647e+00
 -8.0354344e-03
 -3.0551791e-01
 -1.8855293e+00
 -6.9125462e-01
  1.3429449e-01
  4.0359703e-01
 -1.0432186e+00
  2.1974130e-01
 -2.2397496e-01
 -6.0531569e-01
 -2.8749290e-01
 -1.7266496e-01
  1.2664677e-01
  3.3225378e-01
 -3.8879123e-01
 -1.6668926e-01
  1.4187960e-01
  9.5298752e-02
 -9.0894103e-01
 -6.7462996e-02
  2.1581898e-02
  4.0683278e-01
  1.4202617e-01
  6.7982590e-01
 -1.0167396e-01
 -5.6631798e-01
 -1.1955018e-01
 -5.7373601e-01
 -2.4678537e-01
 -1.6721581e-01
  9.3064183e-01
 -1.5960333e-01
 -5.5272657e-01
 -4.7015242e-02
 -2.9793495e-02
  1.1938658e+00
 -1.0010828e+00
 -7.7349551e-02
  3.6936146e-01
 -1.2707086e-01
  4.1802397e-01
 -3.7388489e-01
  7.3281860e-01
  3.2229164e-01
  6.2074369e-01
  9.3724036e-01
  6.0084950e-02
  1.8441476e-01
 -1.1728276e-01
  1.0236685e-02
 -9.7794615e-02
 -3.8673911e-02
 -2.2303471e-02
  3.1156912e-02
 -8.5466281e-02
 -2.8011912e-02
  3.7067350e-02
  8.9168060e-04
  9.9498744e-04
  2.1427933e-03
  9.6808948e-02
  4.6649924e-03
  4.5773927e-02
  3.0518686e-03
 -4.5569958e-03
  2.7706668e-02
  1.5127280e-02
  1.7259343e-02
 -1.6075412e-02
 -8.5693756e-03
  1.0811364e-02
 -7.9081422e-03
  5.7985643e-03
 -6.6979113e-03
 -6.4458367e-03
 -1.0309987e-02
 -5.0616204e-03
  2.5697958e-03
 -5.1680027e-04
  1.3509504e-03
 -2.2608985e-03
  4.4910912e-04
 -6.4250347e-03
 -1.8254392e-03
 -3.1768081e-03
  1.3507553e-02
 -2.1156246e-02
 -9.0342881e-03
 -4.4993285e-04
  6.6926545e-03
  4.6452065e-03
  4.4130292e-03
 -4.0337984e-03
 -1.4063192e-02
  1.2201361e-02
 -1.0558275e-02
 -9.4213039e-03
  2.9201934e-01
 -8.6768129e-04
 -4.5294870e-02
 -5.6471522e-03
  7.2466537e-02
  1.9372851e-02
  2.6103952e-03
 -1.0004227e-02
 -9.3232561e-04
  2.2260470e-03
  3.4811213e-03
 -1.6193513e-02
 -2.9534157e-04
  7.3940704e-05
 -8.9721046e-03
  1.1647638e-02
 -5.6953810e-04
 -2.1133814e-03
 -4.0818583e-03
 -7.1518519e-04
  5.6337123e-03
  1.0160995e-02
 -1.8878970e-03
 -5.9919395e-03
 -8.2475059e-03
  2.8525686e-03
  1.7452352e-03
 -6.2870383e-03
  7.9002354e-04
 -3.6369357e-03
 -9.4405495e-02
 -1.0159099e-01
  1.3094909e-01
 -1.3829966e-01
  1.0086459e-01
  3.8069326e-01
  6.9648534e-02
 -2.7463870e-02
  5.0714809e-01
  2.6036042e-01
  1.1428899e-01
  1.4580332e-02
  8.4712423e-02
  5.5127637e-03
  1.1256492e-01
 -6.9058560e-02
 -3.8379017e-02
 -2.6035155e-03
 -1.5451715e-02
  2.7867688e-03
  7.6803699e-02
 -7.7113570e-03
  6.9582075e-02
  1.4482705e-01
  3.1337667e-02
  2.0290856e-01
  1.5529447e-05
  3.6143251e-02
 -4.6968192e-02
 -1.5309121e-02
 -1.3107063e-01
  9.9081388e-03
 -2.8251761e-01
  9.9916138e-02
 -4.2967416e-02
 -2.1359700e-01
  4.1505843e-02
  1.4242338e-02
 -1.6607958e-01
  1.9447015e-01
 -1.0694303e-01
  2.7118915e-01
  1.6362403e-01
  3.0849037e-01
  9.3308024e-02
 -2.4226790e-02
  8.4760539e-02
 -6.3298851e-02
 -5.1420145e-02
 -8.9397550e-02
 -2.6427602e-02
  2.7844997e-02
 -1.7409846e-02
  8.8039413e-03
 -3.9215632e-02
 -5.8021255e-02
 -1.1652693e-02
  1.0670646e-01
  1.7531278e-02
 -1.8477183e-02
 -3.5215478e-02
  1.9402772e-03
  4.4904794e-03
 -1.5823291e-01
  4.1370776e-02
 -1.2488008e-01
  7.0269525e-02
 -4.2985713e-01
  1.6860317e-01
  1.8572378e-01
 -4.2575508e-01
  5.2873540e-01
  1.0673940e+00
 -2.8596562e-01
 -3.1295449e-01
  3.0673164e-01
 -6.7380399e-01
  2.1960396e-01
  4.5165073e-02
 -1.4493117e-01
  8.6548984e-02
 -4.4269022e-02
  9.1435619e-02
 -4.3242504e-03
 -2.0246086e-01
 -3.0847049e-01
  2.8372577e-01
 -1.3973443e-01
  1.1099355e-01
  1.2735114e-01
  2.6881078e-01
  3.1399929e-03
 -2.8918864e-02
  3.0972415e-01
 -2.3397385e-01
  6.0520075e-02
 -2.6604611e-01
  8.8368364e-02
 -6.8579090e-01
 -5.5446029e-02
 -1.4859406e+00
  3.9351519e-02
  1.0429204e-01
  3.2658279e-01
 -1.4675009e-01
 -2.7299771e-02
  1.6627650e-01
  1.0011027e-01
  5.3316230e-01
 -9.0639718e-02
 -9.7556874e-02
  7.9252847e-02
  2.8564924e-01
 -2.2344305e-01
 -4.1457213e-02
 -1.8183207e-02
 -1.8355165e-02
 -1.4654867e-02
  9.7779848e-04
  1.4441496e-02
 -2.2052612e-02
 -4.5705996e-02
  6.4736314e-02
  1.0417454e-02
 -6.3694261e-02
  2.4753544e-02
  9.8977797e-03
  1.7600954e-02
 -1.6797461e-01
  1.6013332e-02
 -1.3857724e-01
  7.9524243e-01
 -7.1692550e-01
  4.8677787e-02
 -9.1510467e-02
  1.7749350e-01
 -6.7402840e-02
 -9.7706348e-01
 -6.5570551e-01
  1.5082507e-01
  5.2067570e-02
  1.5728973e+00
  3.7116331e-01
 -2.4193071e-03
  3.3176345e-01
  4.2555058e-01
  7.4606612e-02
  6.7613065e-02
  2.2271967e-03
  3.9542004e-02
  1.9235800e-01
  6.5169686e-01
  1.4250366e-01
 -3.2752818e-01
 -1.3109133e-01
 -2.1179399e-01
  4.0192071e-01
 -4.4092935e-01
 -1.1781582e-01
  4.2161662e-02
  9.6122380e-03
  4.4758774e-02
  3.1883657e-02
 -3.7559986e-02
  2.5169653e-01
 -4.3181249e-01
 -4.2156316e-02
  4.2100042e-01
  2.3421076e-01
 -9.5172691e-01
  1.2025924e-01
  2.4095452e-01
  1.1215080e-01
  5.1869247e-03
  1.6270005e+00
  4.5049123e-02
  1.0795702e+00
  1.3893641e+00
 -4.1284767e-01
  1.9401155e-02
  3.5750825e-02
 -5.9684206e-02
 -2.6691083e-02
 -9.6419781e-02
  7.9180419e-02
  6.1609756e-02
 -2.5584015e-01
  1.2622770e-02
 -1.1803475e-02
  7.4401781e-02
 -5.4232258e-04
  3.5740728e-03
 -2.5109632e-03
 -1.9526079e-02
 -5.0718382e-02
  1.0785278e-02
 -2.7460745e-02
 -4.0293789e-01
 -1.2154825e-02
 -6.1332908e-02
  4.0245545e-01
 -1.7580903e-01
 -1.5969126e-01
 -2.4749772e-01
 -1.3065441e-01
 -1.8599835e-01
  2.2064550e-02
  1.1137076e-02
 -9.6471247e-04
 -4.6695646e-02
  6.1384942e-02
 -8.3472550e-02
  3.9409351e-02
  2.4985746e-02
 -1.3300227e-03
 -1.7229328e-02
  4.8628844e-02
 -6.6861674e-02
 -7.3768936e-02
 -7.6157704e-02
 -1.5141129e-01
  6.3020661e-03
 -2.5533538e-02
  9.7355648e-04
  1.0603663e-01
 -7.6169163e-02
 -1.2130811e-02
 -9.6061602e-02
 -1.2794799e-01
  1.2232755e-01
  2.9558870e-01
  3.1498275e-03
 -1.9527739e-01
 -1.7272460e-01
  1.2440083e-01
  6.6262387e-02
  5.1343396e-02
 -7.1495958e-02
  1.6247034e-02
 -8.3081543e-02
  2.5354372e-02
 -2.7648233e-02
 -1.2608969e-01
  1.1698391e-01
  2.1019004e-02
 -1.5576477e-02
  5.5638753e-02
  7.5658113e-03
 -3.8830835e-02
 -1.0187251e-02
  3.9354563e-02
  3.5439935e-02
 -3.9675299e-02
 -1.3526874e-02
  8.8562414e-02
 -1.8836042e-02
 -3.2141188e-03
 -2.2509398e-03
  1.0320376e-01
  8.7140305e-03
  1.2413085e-01
  1.0978261e-01
 -4.0252799e-01
  3.8562179e-01
 -7.5364304e-01
 -7.9843342e-01
  4.3526328e-01
 -1.1448052e-01
 -1.1978364e+00
 -1.5083155e-01
  9.8280638e-01
 -1.1624911e-01
 -1.5671620e+00
 -8.4070295e-01
 -5.0014675e-01
 -1.5503629e-01
 -3.6973831e-01
 -1.3440379e+00
 -4.2934999e-01
 -8.9848894e-01
 -8.8708091e-01
 -1.8693668e-01
 -1.4994699e-01
 -1.8923138e-01
  2.2737153e-01
 -1.6799465e-01
 -5.6327462e-02
 -9.3668878e-01
 -2.0140073e-01
 -1.6850679e-01
  2.7869615e-01
  6.3300806e-01
 -5.5656207e-01
 -1.0109334e-01
 -1.1028681e+00
  3.9501277e-01
 -2.2738761e-01
  1.3373360e-01
  3.2952622e-01
  1.9266852e+00
  1.3928212e+00
 -2.0789728e+00
 -8.9070126e-03
 -8.8730544e-02
  2.2947983e-01
 -7.5366519e-02
 -1.6641724e-01
  1.3477874e+00
  1.7903794e-01
 -1.4454600e-01
 -2.0739223e-01
 -4.1290349e-01
 -3.5460800e-02
 -2.7550671e-02
  5.2571584e-02
  6.9209494e-02
 -1.1163376e-01
 -6.2721252e-02
 -7.0554547e-02
  6.7803883e-03
 -9.4067052e-02
  5.4520904e-04
  3.8755935e-02
  7.2428977e-01
 -1.1011145e-01
  1.5013404e-01
 -7.5558412e-01
  2.5042744e+00
 -8.9691097e-01
 -3.3101055e-01
  2.4464676e-01
  1.4412518e-01
 -2.9444912e-01
 -5.4844129e-01
  1.1273912e+00
  1.6847850e-01
  1.2382300e+00
  7.3390925e-01
 -2.5257432e-01
 -6.8273985e-01
  7.4752837e-01
 -7.4484944e-01
 -2.8018916e-01
 -7.2631454e-01
 -4.0925747e-01
 -8.1149358e-01
 -9.6904553e-02
 -4.8873058e-01
 -8.3889401e-01
  3.6227044e-01
 -7.9209453e-01
  9.0714179e-02
 -4.8761097e-01
 -1.9985954e+00
 -8.7391740e-01
 -1.4730599e+00
  1.9468734e-01
 -8.2870120e-01
  4.1813888e-03
  4.5109126e-01
  8.3485186e-01
  3.4292139e-02
  3.9760765e-01
  6.9116586e-01
  9.0254641e-01
 -3.8625118e-01
  8.6167002e-01
 -3.1923810e-01
  6.2113595e-01
 -2.6495917e+00
 -1.4509112e+00
  4.3588570e-01
  4.8028022e-01
  2.4828121e-01
 -2.4203682e-01
 -3.6085191e-01
  4.1007876e-02
  2.0086429e-01
 -3.3126006e-01
  9.4442248e-02
  2.2175418e-01
  3.1751588e-01
 -1.9241485e-01
  1.0295538e-01
 -4.2446342e-01
 -6.3198097e-02
 -3.2918811e-02
 -9.5650546e-02
 -2.0448628e-01
 -8.9084513e-02
 -1.8532735e-01
 -2.3325475e-01
 -4.3006247e-01
  1.9898936e-01
  2.2228134e-01
  1.3609648e+00
  1.3777217e-01
  2.6228413e-01
  1.0657773e-01
 -3.2407265e-02
 -1.2194785e-01
  3.7055737e-01
  8.8985123e-02
  1.5895569e-01
  6.5332335e-01
  8.8917866e-02
 -3.9049715e-02
 -4.7239162e-02
  1.7670959e-01
  3.0614388e-01
  4.2572141e-02
  1.8960902e-01
  5.9055295e-02
  7.1466185e-02
  3.4759678e-02
 -2.4218117e-01
  3.8338128e-01
  2.1608745e-01
  6.7163095e-02
  4.3492436e-01
 -6.0855466e-01
 -1.8031517e-01
 -2.3074666e-02
  1.0865287e-01
  4.3999542e-02
 -4.5194939e-02
  2.3133293e-01
 -8.2654536e-02
 -1.1950691e-01
  9.9857308e-02
 -1.8733285e-01
  4.4888359e-01
  4.3076017e-01
  6.7058361e-01
  1.1672912e+00
 -3.9950263e-02
  1.2979986e-01
  1.4524443e+00
  9.6878566e-02
  1.2622650e-02
  1.2284175e-02
  1.6723368e-01
 -2.3949899e-02
  1.3934946e-01
  1.7743364e-02
 -6.9299288e-02
  6.6882656e-03
  1.7310563e-02
  4.5269083e-02
  1.0776702e-01
  9.9379145e-02
  4.8188185e-03
  1.8796420e-02
 -4.6616012e-01
 -4.9990069e-02
 -1.5979984e-01
 -6.8078911e-01
 -1.0424058e+00
  3.0810586e-01
 -1.3613483e-01
  8.1948411e-01
 -1.8219742e-01
 -1.2031151e-01
 -3.0354109e-01
 -4.6904597e-02
 -4.7603127e-01
  4.1933331e-01
 -2.8068009e-01
  7.7777632e-02
  9.8815911e-02
 -1.2352228e-01
  2.6466116e-01
  2.9918614e-01
  5.7226852e-02
  1.3265493e-02
 -1.7831653e-01
 -2.3463857e-01
  3.8787590e-03
 -2.5939420e-02
 -3.9308302e-02
 -1.9995111e-01
 -3.0123731e-01
 -2.4344027e-01
  7.3711619e-02
  1.1513600e-01
  3.3718934e-03
  1.9030072e-01
 -9.0890743e-02
 -7.6763257e-02
  3.8626122e-01
  4.4896665e-01
 -4.9358800e-01
 -4.0860683e-01
  7.6637435e-01
 -2.9368126e-01
  2.9533663e-01
 -9.6265689e-02
 -1.6531314e-01
  9.9009767e-02
 -1.3755375e+00
  6.2127896e-02
 -5.4539424e-01
  1.4416401e-01
  8.6887360e-02
 -1.8202661e-02
  3.3227086e-02
 -6.8738244e-02
  1.1873199e-01
 -7.5953649e-03
 -1.2338275e-02
  1.4869262e-01
  1.0317680e-01
 -1.0101100e-01
 -2.7179431e-02
  1.1107670e-01
 -1.0012376e-02
 -1.8207118e-02
  4.3764645e-03
 -7.1474582e-02
  4.0980544e-02
 -8.5073076e-02
 -2.9407436e-01
  2.0914202e+00
 -1.3691034e+00
 -5.4381526e-01
  3.2563257e-01
  4.1406456e-01
 -4.8767874e-01
  7.2191072e-01
  5.0532794e-01
  1.3145255e+00
 -1.9637076e+00
  2.4143846e+00
  1.8788288e+00
  1.1337304e-01
  2.8473777e-01
  1.8056877e-01
  9.6055692e-01
 -1.3778555e+00
 -5.1538563e-01
  4.0881012e-02
 -7.9788756e-01
 -1.6389413e+00
  1.5831542e+00
  1.1786373e+00
 -4.4932553e-01
 -8.8623185e-03
 -1.0554910e-01
 -1.9869806e+00
  1.4093515e+00
 -1.6007243e-01
  2.0903490e+00
  2.2023746e-01
 -4.9489382e-01
  3.1565640e+00
  5.3106304e-02
 -2.3727486e+00
 -7.5066781e-01
 -8.2265720e-02
  5.1108396e-01
  1.2272627e+00
 -7.5764877e-01
  2.5150049e+00
  3.0013242e-01
  7.5464988e-01
 -5.6743383e-01
  7.8163356e-01
  2.4139626e+00
  1.0424466e+00
 -5.8518454e-02
  2.0068321e-01
  3.5745403e-01
 -3.9039427e-01
 -1.3635263e+00
 -3.5931885e-01
  8.1715882e-01
  3.4965124e+00
 -5.3488946e-01
 -1.6502289e-01
  9.8813124e-02
  5.2630788e-01
  1.1190919e-01
  2.0150809e-01
  2.1239970e+00
  5.3543448e-01
 -2.4768382e-01
 -1.5669504e+00
  2.2185948e+00
  1.3370007e-01
  8.6208212e-01
  1.2296095e+00
 -2.5433061e+00
 -1.3665971e+00
 -5.2086389e-01
 -1.3934085e-01
  2.2442791e+00
  4.5137849e-01
  1.4137314e-01
  5.0222707e-01
  6.3888699e-01
  1.3576332e-01
 -2.8549853e-01
 -2.7450630e-01
  2.0662346e-01
  3.1408766e-01
 -2.6876330e-01
 -8.4404176e-01
 -2.8587759e-01
  2.2003788e-01
  4.5997107e-01
  1.7192182e-01
  7.7747577e-01
  6.3797331e-01
 -6.2779993e-01
 -1.1234716e-01
  1.7198695e-01
 -6.1122626e-01
  7.6268837e-02
 -6.2734103e-01
  1.7942345e-01
 -5.6147188e-01
 -3.5898882e-01
 -5.3262252e-01
  1.3220062e+00
  3.3871572e+00
 -2.9762852e-01
  3.1765932e-01
 -6.5606081e-01
  1.1995566e+00
  1.3428804e+00
  1.0518469e-01
 -8.8341427e-01
  5.6338012e-01
  5.4692829e-01
 -3.9429400e-02
  4.6559921e-01
  1.0373744e-01
  2.8014090e-02
 -2.8286944e-03
  7.6732062e-02
  6.3574362e-01
  2.9454616e-01
  1.6835132e-01
 -2.7045372e-03
 -6.9571108e-02
  1.2932202e-01
  7.7817910e-03
  4.8362646e-02
 -4.6361953e-02
  2.2234926e-01
  2.6170233e-02
 -2.0271171e-02
  1.5087190e+00
 -5.2280587e-01
  7.5736968e-03
 -3.4135971e-02
 -1.3559243e-01
  1.1186112e+00
 -1.1076210e-01
  1.7524248e-01
 -1.0385100e-01
  5.2293432e-01
  6.0635570e-02
  5.2679807e-02
  9.0977937e-01
 -4.7815293e-02
  2.3644691e-02
 -5.4297604e-02
  5.5087422e-04
  2.7391377e-01
 -1.6868886e-01
 -2.4252779e+00
 -1.2705116e-01
  1.1982683e-01
 -1.5329945e-01
 -1.1247923e-01
 -1.4365801e-01
  8.5999751e-03
 -1.4646144e-01
 -1.0290454e-01
  3.1132247e+00
 -5.2863640e-01
 -2.1781749e-01
  1.0427581e-01
 -3.0336844e-02
 -1.2774743e-01
 -2.0435695e-03
 -6.0998704e-02
  3.9731503e-01
 -2.8737915e-01
 -9.5385969e-02
  1.0041466e-01
 -2.3180348e-01
  1.2963019e-01
  1.3973336e-01
 -4.7027133e-02
 -1.9832040e-01
  1.8444809e-01
  8.0998249e-02
  2.2144482e-02
 -5.1416624e-02
  4.9879834e-02
 -2.9926223e-03
 -3.8121756e-02
 -1.0892938e-02
  2.8437043e-02
  7.6587163e-02
 -5.0444655e-02
 -1.8309265e-02
  1.1658831e-02
 -1.0953899e-02
  1.1104138e-02
 -1.8039973e-02
  2.6417084e-02
 -3.7464377e-02
 -5.7063214e-03
  7.9318666e-01
  2.8068702e+00
  7.3745865e-01
 -1.1343534e+00
 -4.6565166e-01
 -2.1694663e+00
 -1.0420046e+00
  8.8938659e-01
  2.7446027e+00
 -2.4030190e+00
 -1.1781858e+00
 -2.9886150e+00
  5.9691644e-01
 -9.0720850e-01
  4.3006009e-01
  4.7436342e-01
  1.3667637e+00
 -1.7382209e+00
 -1.3144961e-01
  8.4192747e-01
  1.0220201e-01
 -6.0341346e-01
  9.6993417e-01
 -1.3653231e+00
  5.7080364e-01
  3.8797748e+00
  7.1245152e-01
 -1.8743701e+00
 -1.3284197e+00
  1.3606651e+00
 -1.8570704e-02
  4.8394448e-01
  9.6092665e-01
 -2.4177446e+00
  2.0217011e+00
 -6.5055764e-01
 -4.6661501e+00
  3.6980381e+00
  1.8335834e+00
 -3.2883647e-01
  1.0503100e+00
  7.4418211e-01
 -5.5465560e-02
  1.4694144e-01
  3.5236400e-01
  8.2815838e-01
 -1.9156735e+00
 -5.1946151e-01
  6.2707670e-02
 -3.2074961e-01
  8.8078517e-01
 -6.1555590e-02
 -5.6893778e-01
  8.4453039e-02
 -8.4165043e-01
 -4.4316947e-01
  3.0778575e-01
  1.9949692e-01
 -4.2434281e-01
 -1.0708972e-01
 -4.9070925e-02
 -2.3481828e-01
 -2.6313019e+00
 -2.5052240e-01
  1.7454477e-01
  1.2561792e+00
 -9.5584959e-01
 -2.0258074e-01
  4.6029115e-01
 -1.8879504e+00
 -8.0933601e-01
  1.5566106e-02
 -5.3409404e-01
 -2.3129702e-01
 -2.6424561e+00
 -1.4855434e+00
 -3.7104151e+00
 -3.4306577e-01
 -7.0540994e-01
  7.3131514e-01
 -5.7305241e-01
  5.5408370e-01
  3.6587954e-02
  2.2489166e-01
 -1.8286463e+00
 -9.0083122e-01
  5.5831736e-01
 -1.0787605e-02
  5.0291054e-02
 -1.2209667e+00
  3.7139559e-01
  1.3944852e-01
  1.5791703e+00
 -3.6931686e+00
  1.5752196e-01
 -7.2328195e-02
  6.6209400e-01
  1.8393123e-01
 -2.5920136e+00
 -9.7221577e-01
  6.9051766e-01
  9.2866707e-01
  2.1874106e-02
  1.2160141e+00
 -2.0748976e-01
 -1.9957797e-01
 -1.1587927e+00
 -1.3575737e-01
 -1.3673035e+00
  1.0960156e+00
 -9.7745225e-02
  1.1761847e-01
  1.3452631e-01
 -1.1393645e-01
  8.3856314e-01
  7.2959083e-01
 -2.5605941e-01
 -3.1969941e-01
  1.7160915e-01
  1.0903051e-01
 -4.8714861e-01
 -9.5130748e-01
  1.1856092e-02
 -2.5928730e-01
  1.0384735e-01
 -7.2938457e-02
 -4.7128609e-01
 -1.0994168e-01
  2.0261522e-01
 -4.9465090e-01
 -2.0650642e-03
 -7.7709578e-02
 -3.9169751e-02
 -1.3322636e-02
 -1.7881319e-02
  1.6339035e-01
 -2.6596494e-02
  1.5332051e-01
  2.0418920e-01
  1.2856491e-01
 -2.1818902e-02
  3.6983441e-03
 -1.3062984e-04
  2.6338665e-02
 -4.1289623e-03
 -5.7405375e-02
 -6.0881313e-02
 -5.1098997e-03
  1.5700678e-03
  2.3316786e-02
 -9.0225805e-03
  1.0896705e-02
 -2.5642691e-02
  4.9020134e-02
  1.3378027e-01
 -5.9944198e-02
  1.4289620e-02
 -6.2104564e-02
 -9.2554666e-02
  4.1637551e-02
  6.8132635e-03
  1.4695558e-03
  3.5332635e-02
 -9.0891525e-02
 -1.8207709e-01
 -2.9353026e-02
 -1.0509196e-02
  1.0774191e-01
  1.2440585e-02
 -5.8050200e-02
 -5.0831076e-02
  1.1144091e-01
 -1.2475826e-02
 -7.6883502e-02
  8.1440307e-02
  3.3267770e-02
  1.5155378e-01
 -2.2335351e-02
 -1.4310637e-02
  9.7355219e-03
 -2.8241698e-02
 -1.0619323e-02
 -1.0283613e-02
 -1.0797720e-02
 -4.2347595e-02
 -1.8053709e-02
  3.1200998e-02
  4.9244976e-03
 -4.4524666e-02
  1.1117226e-02
 -1.6030192e-02
  4.2495136e-03
  1.0610799e-02
 -2.2252684e-02
 -3.6499970e-02
  1.8513907e-02
  1.8128861e-02
 -1.3548742e-02
 -2.4134161e-04
 -7.3249467e-02
 -2.1836076e-02
  1.8059961e-02
 -2.4978476e-02
 -2.3191370e-02
 -2.7396981e-02
  1.4590930e-02
 -3.2244798e-02
 -7.2303494e-03
 -2.4952726e-02
  3.8034264e-03
  5.3732935e-03
  3.4724239e-03
 -1.1899768e-02
 -1.8240009e-05
  1.9840334e-02
  6.0632555e-03
 -2.8474084e-03
  2.8701702e-02
 -1.9019408e-02
 -5.5029346e-03
  2.7544454e-02
 -2.0635555e-02
  1.1835927e-02
  3.6291953e-02
 -3.3591688e-02
  1.9553211e-02
 -9.2268428e-03
 -4.4525351e-02
  2.9870348e-02
  4.6457078e-02
 -1.4137349e-02
  1.2231277e-02
 -9.9390550e-03
  2.5069937e-03
  1.3911565e-02
 -1.0742437e-02
 -2.8182443e-02
  9.5264651e-03
 -3.8816899e-02
  2.1151749e-02
 -2.1526115e-02
 -5.5329283e-03
  5.2466933e-03
 -6.9726855e-02
 -1.4516148e-02
  9.8542012e-03
 -2.8813302e-03
  4.9161166e-03
  1.0318172e-02
 -1.5100598e-03
  7.5400353e-04
 -9.7326748e-03
 -1.2337773e-02
 -1.7013254e-03
  1.3235788e-03
 -2.0953743e-02
 -7.0711118e-03
  4.0919585e-03
  4.1600885e-03
  1.2818113e-02
 -4.0359803e-02
  1.7411313e+00
 -2.3200033e+00
  5.2910948e-01
 -1.4160640e+00
  1.7787091e-02
  2.2646780e-01
  3.3630862e+00
  1.2781639e+00
  1.9115872e+00
  1.7655067e-01
 -3.9416459e-01
 -3.0190977e-01
 -7.7404183e-01
 -1.0494105e-01
 -4.5361601e-02
 -1.2327677e-01
 -3.0386132e-01
 -2.3349367e-01
 -8.6569078e-02
  8.2298869e-01
  2.4993701e-01
 -3.3351701e-02
  1.7338210e-01
  3.5738686e-01
  9.0055257e-01
 -6.0511929e-01
 -5.9917921e-01
  4.6267241e-01
 -1.0073369e+00
 -1.4704491e-01
 -1.1349136e-01
  5.4600239e-01
  1.2446301e-01
  6.1490500e-01
 -9.2161912e-01
 -2.8134617e-01
  6.4025021e-01
 -9.9065161e+00
 -1.4488186e-01
 -1.2580560e+00
 -1.8999803e-01
  7.7919084e-01
  5.5459890e+00
  2.8492028e-01
  5.0435603e-01
  6.4919388e-01
 -1.5682846e-01
 -7.1740709e-02
  1.0274647e-01
 -1.9303029e-02
  2.0317249e-02
  7.1459347e-03
  3.9035130e-02
  1.3724804e-01
 -2.4716865e-01
 -4.6501659e-02
 -1.7366285e-02
 -7.5466400e-03
 -9.9515561e-03
 -1.4577618e-04
  5.8978158e-03
 -4.2940177e-02
  4.8551627e-02
 -2.8607190e-02
 -2.2877822e+00
 -1.2809666e+00
 -1.5891602e+00
  1.4689785e+00
  1.5885696e+00
 -9.7060674e-01
 -1.1384395e+00
  1.0998639e-02
 -1.2522134e+00
  5.5325884e-01
 -5.4959249e-01
  4.2132493e-02
  5.5761868e-01
 -6.9424617e-01
  1.7570289e+00
 -1.1768080e-01
 -1.0906667e-01
  6.0651362e-01
  3.0114791e-01
 -3.1288692e-01
 -1.3899626e-02
  3.7396442e-02
  4.9252427e-01
 -4.4359922e-02
  1.7431229e-02
  6.6597456e-01
 -8.3447523e-02
  2.8574252e-01
  1.6553801e-01
 -1.4048316e+00
 -4.9529242e-04
  9.5906839e-02
 -5.5013329e-01
  7.3720920e-01
  3.6523834e-01
 -8.3018787e-02
  1.3300643e+00
  1.1627282e+00
  1.5918405e+00
 -1.2559901e-01
 -2.3123184e-01
 -3.9979348e-01
 -5.9102160e-01
 -1.3425122e-01
 -6.0926154e-02
 -3.6381999e-01
  2.4086171e-01
 -3.7760013e-01
  4.0791254e-02
  1.3578776e-01
  4.0506031e-02
 -2.0671336e-02
 -1.1447683e-01
 -6.2660657e-02
  1.4800380e-01
 -4.4876412e-02
 -1.3048621e-01
 -7.1278564e-03
 -6.3770376e-02
 -4.1665989e-01
 -6.5083401e-03
 -1.4115315e-02
 -7.6081012e-03
  8.6756267e-02
 -3.2202929e-02
  2.9265892e-03
 -6.1664943e-02
  1.7293923e-02
 -7.7616726e-03
  3.1955601e-03
  4.4771135e-02
  8.5649155e-02
  5.3443123e-02
  4.8681613e-02
  4.7401391e-02
  4.3185646e-04
 -5.8587273e-03
  3.1861395e-02
 -9.3344823e-03
 -2.1934372e-03
 -2.0687029e-02
 -3.3166658e-02
  3.9977040e-03
 -5.0340313e-04
  1.2151386e-01
  1.5950578e-01
 -3.0592983e-03
 -7.0939749e-02
  4.4759419e-02
  5.1227577e-02
  4.2013442e-03
 -2.3957314e-04
 -2.0985965e-02
 -4.0411260e-02
  1.1303608e-01
  7.5554536e-03
 -3.9918884e-03
  3.7445929e-02
 -2.3184344e-02
 -7.1989045e-02
  2.9832006e-02
  2.0030113e-02
  7.4269086e-02
 -1.3449389e-02
 -2.2052569e-02
  1.1838337e-02
  2.0270929e-02
  6.5069674e-03
  4.1413722e-03
 -1.2277822e-01
  2.6099600e-02
  4.4617422e-02
 -1.3210139e-02
 -1.5465694e-02
 -2.2338347e-03
 -2.5133634e-02
  1.7099960e-03
  6.5235388e-03
  1.4551192e-02
 -1.6473752e-02
 -3.6943115e-03
  2.1686442e-02
  3.3489172e-03
  2.2249243e-03
  4.5151310e-03
 -1.5746179e-03
 -6.7042996e-04
 -7.0156199e-03
  1.0876655e-02
 -1.3519744e-02
  1.4014320e-01
  1.0384455e+00
  7.5051033e-01
  9.7353466e-02
  3.5407071e+00
 -1.2675692e+00
  9.0957481e-01
 -2.0927535e-01
  1.6558997e-01
 -3.0105454e-01
 -5.1522642e-02
  6.4167207e-01
  1.9591427e-01
 -3.0129802e-01
 -1.7026770e+00
  1.4673777e-01
  3.2107118e-01
 -7.0350850e-01
  2.1093604e-01
 -1.2382896e+00
  1.6535427e-01
  1.0137904e+00
  1.1770628e-01
 -1.2925956e+00
  1.3066460e-01
 -1.2271096e+00
 -4.3496597e-01
  1.3520537e-01
  2.8010648e-01
  1.4458504e-01
  7.1288481e-02
 -4.4917548e-01
  6.0256565e-01
 -9.2255878e-01
 -3.0485442e+00
  8.8715479e-02
 -7.2658062e-02
  1.9927731e-01
 -3.1116018e-01
 -7.4065141e-02
 -7.7647877e-01
 -6.4677697e-01
 -4.1946572e-01
 -4.6077257e-01
 -7.1165240e-01
  7.0113802e-01
  1.0509267e+00
  6.1776924e-01
  4.2103287e-02
  3.1287861e-01
  1.9959781e-01
 -1.5316774e-01
 -3.5885683e-01
 -2.2573890e-02
  2.8062858e-02
  2.5578322e-02
 -3.6310294e-01
  6.0376145e-02
  3.4026071e-02
 -7.5184815e-03
 -1.6784020e-02
 -1.3503218e-01
 -8.6494662e-02
 -7.2662681e-02
 -3.6767185e-01
 -6.4927600e-02
  4.5024214e+00
  3.0049851e-02
  3.8410416e+00
 -5.4331803e+00
  2.5405006e+00
 -5.5272412e-01
  6.9114244e-01
 -2.4741242e-02
 -8.9878041e-01
  1.0005754e+00
  4.6304008e-01
 -1.0553704e-02
  3.2021156e-01
 -3.2222766e-01
  3.8987059e-02
 -5.3230947e-01
  2.4343231e-01
 -2.6568088e-01
  4.7926706e-01
 -1.2649297e+00
 -5.0465446e-02
 -1.6964868e-01
  1.2587538e-01
 -1.8668006e-01
 -5.6845802e-01
  4.0340098e-03
 -1.1640342e-01
  5.0987374e-02
 -3.5204285e-01
 -1.1631252e-01
 -2.4639408e-01
  2.3436174e-02
  1.8002412e-01
  5.9987668e-02
  1.2177838e-01
  1.1748599e+00
 -3.4544120e+00
 -1.2178368e-01
  1.4320679e-01
 -7.1256697e-02
  7.7794127e-02
  3.0165231e-01
 -2.6904917e-01
 -1.0777450e-02
 -2.9635897e-01
  3.9369366e-01
  6.3841622e-03
 -7.5316079e-02
  1.7407911e-01
  3.6212526e-02
  1.0823186e-01
 -4.7341805e-02
  3.2143809e-02
  7.1169637e-02
 -5.0936852e-02
  5.7445895e-02
  6.9587529e-03
  5.7919629e-02
 -3.7675371e-04
 -4.5308736e-03
  4.1771005e-04
 -1.7032597e-02
  1.0911990e-02
 -3.0468304e-02
 -2.3959264e-02
 -1.0735121e-01
 -3.8655993e-01
  1.2157914e-01
  5.4227567e-01
  1.6380873e-01
 -3.7043467e-01
  3.2275727e-01
  1.6627468e-01
  3.3668986e-01
 -8.6867861e-02
  5.7243579e-04
  1.2842937e-01
  2.0633394e-02
 -9.0557247e-02
 -9.3757458e-02
 -4.6193112e-02
 -4.3882571e-02
  7.7705339e-02
  1.1175220e-01
  1.3229531e-01
  7.3680244e-02
  1.6152312e-01
  1.6350879e-01
  2.2504446e-01
  1.4206035e-01
  4.4843215e-02
  2.4819586e-02
  1.0946704e-01
 -2.5604627e-01
 -2.3021662e-01
  6.9762260e-02
  3.2221031e-01
 -1.0959809e-01
 -1.0157751e+00
  5.7829164e-02
 -3.6713299e-03
 -6.5459496e-01
  1.7343611e-01
  5.3628556e-02
  2.7530029e-01
  1.8757479e-01
 -1.0975400e-02
  1.1653196e-01
 -6.9824331e-03
  1.9294530e-01
  3.3443478e-01
 -2.1769737e-01
 -1.2659245e-02
  1.2199959e-02
 -8.7271325e-02
 -3.9033230e-02
  8.4496953e-02
  1.3524942e-02
 -3.8648359e-02
 -1.3459480e-02
 -1.0089785e-02
  1.7289804e-02
 -3.8635604e-02
  1.3103491e-02
  5.2436055e-03
 -3.2220748e-01
  7.1141296e-03
  3.5664361e-02
 -6.2878039e-03
 -2.5933930e-01
  4.3740636e-01
  1.9760288e-02
  5.7542640e-01
  1.8685853e-01
  4.2102569e-01
 -2.2697543e-01
  4.6428627e-01
  2.3847024e-01
 -2.7774528e-02
 -4.4532742e-02
 -6.1843295e-02
  1.2307965e-02
  1.2142882e-01
 -9.1591597e-02
 -9.0096645e-02
 -8.0175810e-02
 -5.7880666e-02
  5.9956466e-03
 -4.2097364e-03
  3.7147611e-02
  7.7471244e-03
  3.8905505e-02
  1.0622555e-01
  2.0232357e-01
  3.7967572e-01
 -7.2916248e-03
 -4.7515176e-02
 -5.4021921e-02
  4.1539481e-04
 -1.6525086e-02
  1.5618458e-01
  1.7827779e-02
 -1.4882454e-01
 -1.4248058e-03
  2.4958429e-01
  1.3047048e-01
  2.8327194e-01
  1.2160482e-02
 -1.2415179e-01
  1.0199420e-01
  8.5206054e-02
  1.5053298e-02
  1.3665961e-01
 -6.0949862e-02
  2.0576286e-01
 -1.8872972e-01
 -4.7083765e-02
 -1.2449589e-02
 -2.1830669e-02
  1.6525398e-03
 -5.2026007e-02
  4.7296904e-02
 -1.3342195e-02
 -6.4885512e-02
 -6.6732228e-02
  3.0202271e-02
  2.3194864e-02
 -1.7311724e-02
 -2.4726086e-03
  1.1260818e-03
  2.0321768e-02
 -3.8908169e-02
 -2.1859577e-02
 -3.1453136e-02
 -1.8340254e-03
  6.4213756e-03
  7.8100394e-03
  4.8585553e-03
 -8.8220917e-02
  4.1640956e-02
  1.3008614e-02
  4.1825086e-02
  2.0510323e-02
  7.1579927e-01
 -1.8821185e-02
 -4.7117369e-03
  1.5949696e-02
  2.3533976e-02
  2.1203434e-02
 -7.5475071e-03
 -2.4901606e-02
  7.6797497e-03
  6.5143690e-03
 -5.2613616e-03
  1.2534356e-02
  9.0451213e-03
 -2.7954368e-02
  2.4911894e-02
 -7.3532998e-03
 -1.4097637e-02
 -4.1300193e-03
 -5.8690379e-03
 -3.4196306e-02
 -9.6167736e-03
  5.2811210e-05
 -4.4835480e-03
  2.7391477e-02
 -2.0423880e-02
 -2.0621596e-02
  1.1839649e-02
 -5.2316049e-03
  1.1737419e-02
  3.5201433e-01
  1.9858044e-03
 -8.4721250e-03
  9.9653360e-03
 -1.2335485e-02
  7.0198765e-03
 -2.6768968e-02
  2.2374671e-02
 -4.8592491e-03
 -1.1766354e-02
 -5.8144792e-03
 -1.3267823e-02
  5.4133008e-04
 -2.1751836e-02
  6.1940989e-03
  8.4817107e-04
  3.5980825e-05
 -1.1056777e-02
  3.0885716e-03
  2.3605982e-03
 -1.2292918e-02
 -1.2197102e-02
 -8.4295273e-03
 -5.7750512e-03
 -1.2473469e-02
  4.7485246e-03
 -1.6913602e-02
 -3.3517145e-03
 -4.9265951e-01
  7.0816716e-03
  6.9856234e-02
 -1.1059783e-01
  9.1788471e-02
 -1.9996321e-02
  7.6131582e-02
  3.3951081e-02
  5.0890274e-02
 -5.8942835e-04
  2.0600244e-02
  2.3023572e-02
  7.5043589e-03
  7.0611322e-03
 -1.5939355e-02
 -2.9724199e-02
  2.3348343e-02
 -2.2206833e-03
  4.8568500e-06
 -2.1312502e-03
  1.7386189e-02
  1.6789911e-02
  2.8071137e-02
  2.7823832e-02
 -3.7708154e-04
  1.9156557e-02
 -3.7900250e-02
 -4.8430946e-02
  4.9321167e-02
  5.9457193e-03
  2.2990439e-02
  6.7598358e-02
 -1.7982949e-02
 -2.3566262e-01
 -1.3762058e-03
 -7.2801232e-02
 -3.4917212e-01
 -1.1346629e-02
 -7.3180581e-03
  7.8005209e-03
  4.1503552e-02
  1.4746195e-02
  2.4557058e-02
 -1.9763527e-03
  4.6106413e-02
  4.4520073e-02
 -8.8350875e-03
 -1.1962882e-02
  1.0218802e-03
 -1.7369838e-02
 -1.8067124e-01
 -5.4787877e-03
 -7.7074976e-03
 -1.1756614e-02
 -1.9774359e-02
 -3.3635866e-02
  4.5386711e-03
 -6.5079606e-03
  3.7696641e-03
 -1.8454187e-03
 -8.2395831e-04
 -2.7991571e-02
  7.7651665e-03
  1.1996540e-02
 -2.2953022e-03
  5.1427167e-03
  1.2840928e-02
 -2.3408171e-03
 -4.7191745e-03
  2.8468585e-02
  2.6128078e-03
  6.3814246e-03
 -1.1400739e-03
  1.7260207e-02
 -8.0778444e-04
  9.8650134e-04
  2.8807924e-03
  4.8044412e-03
 -1.6316811e-02
 -1.2711212e-02
 -7.3944563e-03
 -2.7534394e-03
 -3.4161936e-03
 -1.0574030e-02
 -5.4708500e-03
  2.6853472e-02
 -7.6174652e-03
  9.7004240e-03
  1.9429304e-02
 -7.0185051e-03
 -7.0908950e-03
 -4.0939050e-03
 -2.3271798e-03
  1.9773922e-04
 -6.8257181e-03
 -7.3554637e-03
  2.0428527e-02
 -8.4675066e-02
 -2.3436837e-02
 -1.1250424e-03
 -8.5159736e-03
  1.5576269e-02
 -7.6841339e-03
  3.5107386e-04
 -2.6138122e-03
  1.3462975e-02
  2.1009319e-04
  3.1069026e-04
  3.6087597e-03
 -1.2190773e-02
  9.3817059e-03
  7.2604301e-04
 -2.5052098e-03
 -6.8556465e-02
  5.1547692e-04
 -1.8913924e-03
  1.9772282e-02
 -7.1570519e-03
  4.8921723e-03
 -7.7956305e-03
 -5.7992870e-03
  1.1986776e-02
 -1.5293776e-02
 -2.6097000e-03
  5.4017678e-03
  5.8133677e-03
 -1.2970157e-02
 -7.7351918e-03
 -9.8056179e-03
 -7.9312874e-04
  1.2797955e-01
 -5.4811245e-01
  3.8919330e-02
 -1.1389928e-01
 -1.3043705e-01
  8.8656431e-01
  3.7303573e-01
  3.7047550e-01
  2.1317253e-01
 -3.0800694e-01
 -4.4748414e-02
  7.7667914e-02
 -1.6768059e+00
  3.7445974e-02
 -3.8979478e-02
 -3.6756329e-02
 -2.2959886e-03
 -4.0296346e-02
  3.9677456e-02
  7.5704544e-03
 -7.0543848e-02
  1.8787771e-01
  7.1079411e-02
  1.9341286e-01
  6.3751943e-02
  5.8357086e-02
  5.6793928e-02
 -6.2011268e-02
 -3.9743194e-01
  1.2252637e-02
  4.9232058e-02
 -1.0697507e-02
 -6.4129211e-02
 -3.4961519e-01
  6.7561739e-03
  1.0998197e-02
  4.6023601e-01
  1.3114564e-01
  1.3369118e-01
 -6.4610094e-02
  1.0725401e-01
  6.2704412e-03
  1.4590195e-01
 -2.2482710e-02
  9.1735639e-02
  2.0997785e-01
 -8.9236172e-03
 -1.7328339e-02
 -3.8999971e-02
  4.5565575e-02
 -5.1379330e-03
 -1.7333139e-02
  6.4344382e-01
 -3.5798147e-02
 -2.2521101e-02
  2.5443794e-02
  1.1559920e-02
 -2.7743474e-02
  4.0311370e-02
  6.7076124e-03
 -1.3794506e-04
 -7.0192277e-02
 -1.4813301e-02
 -5.5820341e-03
  4.5061901e-01
 -6.5131599e-01
  2.1366124e+00
 -1.4154187e+00
  9.1139424e-01
 -1.0196733e+00
 -1.0342814e+00
 -1.7034364e+00
  1.8501884e+00
 -5.3381559e-02
 -1.0935428e+00
  1.1634939e+00
  5.4636323e-01
 -1.5101584e+00
  1.7413332e-01
  8.7174499e-01
 -9.9432743e-01
 -5.1483923e-01
  1.1231672e+00
  1.7815754e+00
  4.1876926e+00
  1.0553468e+00
 -1.2505248e+00
 -2.5010276e-01
 -2.5261819e-01
  2.0709405e+00
  7.1663767e-01
  2.7142435e-02
  2.0681591e+00
  7.4883068e-01
  7.3751700e-01
  3.8482749e-01
 -3.1492856e-01
 -7.8422397e-01
  3.1631682e+00
  4.7080457e-02
  8.6602867e-01
  2.0289197e+00
 -3.9427567e-01
 -1.9004583e-01
 -2.0860960e-01
 -3.9811251e-01
  2.4561118e-02
  7.4191779e-01
  5.2232156e+00
  2.6347941e-01
 -4.5912355e-02
  1.5601643e+00
  3.4051467e-02
  7.8748599e-02
 -1.2075165e-01
 -9.4589051e-03
 -2.5864670e-01
 -2.5882883e-02
 -3.3062667e-01
  4.5532969e-01
 -7.5133139e-01
  7.7922572e-03
  5.5765048e-02
  2.0630084e-02
 -6.5429285e-03
  9.2071138e-02
 -4.1281667e-02
  6.3205041e-02
  1.9619813e+00
  2.2338530e-01
  2.3882227e-02
  2.5917842e+00
  8.0382711e-01
 -3.4305434e+00
  1.3168585e+00
 -4.4244065e+00
 -5.5918026e-01
  4.1437930e-01
 -2.0917141e+00
  2.7209153e+00
 -1.1391178e+00
  2.3472339e-01
  7.9779625e-01
 -4.3767747e-01
 -2.1839345e-01
 -1.7625605e-01
  9.4272596e-01
 -7.3101783e-01
 -9.7939414e-01
 -6.1629158e-01
 -1.3658828e+00
  1.8482323e+00
  9.1883701e-01
  8.2298440e-01
  1.6046545e-01
  6.5929335e-01
  2.5327441e-01
 -1.8997811e+00
 -1.6057298e-01
 -8.2215941e-01
  1.0716128e+00
 -1.3138882e+00
  5.4351950e-01
  9.7789752e-01
  3.9932290e-01
  5.1015580e-01
 -4.7033119e-01
 -2.9617605e+00
  7.5209659e-01
  1.1685107e+00
 -1.1563597e+00
 -4.0584680e-01
 -2.0800170e-01
  5.7642913e-01
  7.4061640e-02
 -2.3437442e-02
  3.2620037e-01
 -2.4543814e-01
 -1.1294383e-01
 -5.0342526e-02
  2.8569803e-01
  2.9882172e-01
  3.8216099e-01
  2.0585574e-01
 -1.9182438e-01
  3.6517993e-01
 -4.3497983e-02
  6.2891506e-02
 -1.4859879e-01
  1.9151807e-02
  1.3130163e-01
  1.7451264e-01
 -1.6699056e-01
 -1.1516217e+00
 -5.6768082e-02
  7.3490191e-01
  1.6197763e-01
  8.7825738e-02
  3.1613588e-01
 -1.3950889e-01
 -3.0286750e-01
  5.4824188e-02
  2.7498251e-01
 -7.5332984e-02
  2.3001222e-01
 -1.2195310e-01
 -2.9384703e-03
 -2.5091368e-01
  2.2524705e-02
 -1.1961339e-01
 -2.3747258e-02
 -8.1224404e-02
  6.4106937e-03
  9.1787511e-03
  9.0565486e-04
 -3.7120510e-02
  2.0384327e-01
 -1.9908981e-02
  3.9054729e-02
 -2.8222151e-02
  2.1462629e-02
  7.1134284e-02
  8.8050433e-02
 -1.7784765e-01
 -2.9683333e-02
  5.3086974e-02
 -1.1975228e-01
  3.0197782e-02
  1.5950346e-01
 -3.4460258e-02
  2.8263834e-01
  6.1826503e-01
  1.2141880e+00
 -8.3142165e-03
  4.2019077e-02
 -8.3302364e-02
  7.4418942e-03
 -1.2419327e-01
  1.4361863e-02
 -3.7716024e-02
 -1.0841016e-01
  1.1971059e-01
  2.5404744e-02
  4.4826861e-02
  3.2032762e-02
 -1.1466907e-03
 -6.4759046e-02
 -1.3331912e-02
  5.8963314e-02
  5.2825347e-02
 -4.4212900e-02
 -4.5268238e-03
 -2.0499455e-02
  6.8977266e-03
  7.8020594e-03
 -5.5928854e-03
 -1.4561224e-03
  2.4797997e-02
 -6.3666077e-03
 -6.6387244e-02
  1.5599796e-01
 -9.5719555e-03
 -4.4912016e-03
  2.7403590e-01
 -1.7826563e-01
  2.7397059e-02
 -2.4391532e-01
 -1.9145495e-01
 -1.1833483e-01
 -8.4062706e-04
  1.4232183e-02
 -9.7297952e-03
 -4.3022327e-02
  6.2189914e-02
  2.9597769e-02
  2.7800687e-02
  5.4745572e-03
  4.2069433e-03
 -2.2294547e-02
 -2.5275005e-02
 -3.1794935e-02
  2.3066966e-02
 -3.4904454e-02
 -7.6012112e-02
  1.9617908e-02
 -5.5048279e-02
  2.7428612e-02
  8.3730601e-02
 -1.5118362e-01
  3.7183575e-04
 -2.9188119e-02
 -6.1006587e-02
  9.0032689e-02
  3.1063712e-01
 -8.8111591e-03
 -8.0159813e-02
  6.6714272e-02
 -3.6282390e-02
 -2.0357518e-02
  3.4119315e-03
 -1.0500596e-01
 -1.2281710e-02
 -2.9449861e-02
  2.2451106e-02
 -4.3750457e-02
 -5.4268714e-02
 -9.2123877e-03
 -2.5311388e-02
  1.2007236e-02
  5.3843441e-03
  6.1544613e-03
 -3.2135025e-02
  2.5619131e-02
  3.0054415e-02
  2.2883691e-02
 -8.2415529e-02
 -1.2347964e-02
  6.1442345e-02
 -1.0888235e-02
 -7.7811624e-03
  1.4025806e-02
  5.1139958e-02
 -3.0014660e-02
  3.7324019e-03
  1.5598146e+00
 -7.4068971e-02
 -1.3596539e-01
  1.8015399e+00
  2.1522553e+00
 -2.8506038e-01
 -2.5465119e-01
  8.9356768e-01
  5.6664979e-01
 -5.5852371e-01
 -4.9816424e-01
 -2.5277352e-01
 -5.3938216e-01
  2.9984123e-01
 -4.2576712e-02
 -9.4708972e-02
  5.1387560e-02
 -8.4262401e-02
  3.1655166e-01
 -1.3155863e-01
  4.8942080e-01
 -7.3610687e-01
 -2.3197527e-01
 -1.2616780e-01
 -5.5517316e-01
  6.0103118e-01
 -2.5010458e-01
 -6.9486862e-01
 -4.0938702e-01
  2.9256127e+00
  7.4912399e-01
  1.4321154e+00
 -6.5186554e-01
  5.4466963e-02
  1.3284808e+00
 -3.8040712e-01
  3.2077909e-01
 -1.3279112e-01
 -8.0450344e-01
 -8.0625474e-02
  1.2076069e-01
 -2.0518398e-01
 -1.5549475e+00
 -5.5616295e-01
  1.3403417e+00
  4.6268064e-01
  1.6233262e+00
  5.8922285e-01
  1.7250393e-02
 -2.3957407e-01
  1.7179860e-02
  1.0768919e-01
  7.4429467e-02
  5.5097812e-03
  1.6347805e-01
  2.4766552e-01
  1.2316795e-01
 -2.1050207e-03
  1.9056496e-01
 -1.2932437e-02
 -1.7509107e-02
 -5.6699753e-02
  4.7404025e-02
 -2.9813221e-03
 -3.7281793e-02
 -9.8504627e-01
  2.8581274e-01
 -2.9445860e-01
 -1.3375998e+00
  7.7268708e-01
 -1.0662299e+00
 -5.2717423e-01
  2.6910098e+00
  1.9497231e+00
  2.9171188e+00
 -1.3886485e+00
  1.9925482e+00
 -1.8163041e+00
  5.0588572e-01
  3.7060139e-01
 -6.1708236e-01
 -6.6972071e-01
 -7.0353675e-01
  2.6157099e-01
 -5.5847579e-01
  5.6441003e-01
 -7.2748005e-01
 -1.7737514e+00
  2.1976743e+00
 -4.5252475e-01
  1.9499589e+00
  3.0470238e+00
  1.5913820e+00
 -6.7881368e-02
  1.1232326e+00
  7.9464167e-01
  6.6185129e-01
 -2.0348799e-01
 -1.3730978e+00
 -1.9869955e+00
  9.3436569e-01
  1.5612963e+00
 -8.7436777e-01
 -2.3713090e+00
  2.7472560e+00
  4.3246694e-02
 -8.4210622e-01
  2.2404172e+00
  1.4096529e+00
 -1.0719997e+00
 -7.8571700e-02
  2.1326034e-01
 -1.6257296e+00
  1.2327196e-01
 -1.6449245e-02
 -6.1045662e-02
  9.1692060e-01
 -7.5405550e-01
 -1.1218090e-01
 -2.9775316e-01
  2.0248042e-01
 -1.3050058e-02
  5.7904448e-02
 -2.1549281e-01
 -5.7935737e-02
  1.2496002e-02
  3.7481099e-02
 -3.6114886e-02
 -8.3576940e-02
 -1.3880539e-01
 -2.3040943e-01
  6.8154174e-01
 -1.2503518e-01
  3.3741865e-01
 -8.2572591e-01
  3.1425548e-01
  2.8004357e-01
  8.0082011e-01
  4.5863757e-01
  1.1172056e+00
  1.8967701e-02
  1.0133471e+00
  1.9712843e-01
  1.0099295e+00
  5.5961418e-01
  4.2917213e-01
 -7.7228509e-02
  1.2314061e+00
  6.1580026e-01
  2.1086527e-01
 -2.1544579e-01
  5.2208954e-01
  7.8091133e-01
  9.7065395e-01
  1.1338176e+00
  3.6632049e-01
  1.2491939e+00
 -1.3394938e-02
 -2.0926227e-01
 -1.3876152e+00
  1.0719245e-02
  3.4811777e-01
  7.1333653e-01
  2.8690791e-01
  1.4157116e+00
  7.8934962e-01
  3.5932574e-02
  3.7694862e+00
  6.5643322e-01
  7.9773712e-01
  5.9306288e-01
  2.9655612e-01
  1.0703462e-01
  2.2374003e-01
  1.0633326e+00
  6.5209484e-01
  2.2903100e-02
  1.3771568e-01
  3.0256271e-02
 -6.5619841e-02
 -2.1660379e-01
  3.2185934e-02
  2.5114182e-01
 -5.2156305e-01
 -3.8988046e-02
 -2.1351957e-01
  4.2395848e-01
 -2.1164734e-02
  4.0548569e-01
 -6.1002750e-02
  1.7379791e-02
  9.3324639e-02
  2.3156367e-01
 -2.3151318e-02
  3.1154364e-01
 -8.6603492e-02
 -1.5779798e+00
  3.1392798e-01
  5.3717071e-01
 -3.9611226e-01
  1.5866166e+00
 -1.2289329e+00
  3.5623372e+00
 -1.0404748e+00
  2.3050396e-01
 -3.0966585e+00
 -4.5792875e-01
  1.1919346e-01
 -3.1684017e-01
  4.4017431e-01
  3.7356225e-01
  2.0022020e+00
  7.0403540e-01
  8.4348094e-01
  8.5477912e-01
  2.4444058e+00
 -7.5723097e-02
  9.0728536e-02
  8.1335068e-01
  7.3111492e-01
  7.7733368e-02
 -2.3450211e-01
  7.8095746e-01
  5.0139666e-01
 -1.4615221e+00
 -6.1022455e-01
  5.0658894e-01
  3.7729505e-01
 -8.2925469e-01
 -9.2867470e-01
  1.0668625e+00
 -1.4678562e+00
 -6.6991901e-01
 -2.1783128e+00
  1.5837635e-01
 -3.2229838e+00
  1.2487541e+00
  1.6567842e+00
 -1.3396101e+00
  5.8722979e-01
 -1.4079199e+00
 -1.2643946e+00
 -4.2193127e-01
  2.5492419e-02
 -1.8984484e-02
  1.4582708e-01
 -5.4402113e-01
 -4.8843837e-01
 -5.8709797e-02
 -9.5370129e-02
 -4.7046658e-01
 -1.8632211e-01
  7.2646350e-02
 -1.3001908e-01
  1.5045808e-01
  1.3970792e-02
  3.9025806e-02
 -3.7491548e-01
 -4.1892469e-01
 -4.0571027e-02
  4.4075915e-01
 -3.3493946e+00
  3.2709083e-01
  1.0314334e-02
  4.5155662e-01
  6.9376081e-02
  2.8198509e+00
 -8.3988704e-02
  1.5782322e-01
  2.8090468e-01
  3.2271531e-01
 -2.2302950e-02
  1.5229180e-01
  7.3716782e-02
  1.3812359e-01
 -4.3948468e-02
  1.9747727e-01
 -4.1933682e-02
 -1.2578490e-02
 -1.4588927e-02
  1.7178875e-01
  2.0650204e-02
  1.9477264e-03
  2.8119622e-02
  6.1133936e-02
  4.2453460e-02
 -1.7410534e-02
  3.8718443e-02
 -1.7126493e-02
  7.4365854e-01
  1.0365867e-01
  6.6367783e-02
  2.8131878e-01
 -3.7408024e-02
  1.0490539e+00
  2.6204184e-02
 -1.1278205e-01
 -1.7729678e+00
 -3.0085027e-01
  2.0562878e-05
 -1.3221173e-02
 -1.6870048e-02
 -1.6446304e-02
  5.9038140e-02
  2.1778096e-02
  1.0078555e-01
  1.0796987e-01
 -8.0054179e-02
 -2.4988868e-03
 -1.6906599e-02
 -3.0167000e-02
 -1.8059699e-02
  4.8712961e-02
 -1.9752221e-02
 -3.6527533e-02
 -5.1134173e-02
  8.8652931e-03
 -6.2615564e-03
 -1.4320668e-02
 -2.1762386e-02
 -7.3525230e-03
 -1.3206875e-02
 -2.8027575e-02
 -1.5529820e-03
 -1.0236996e-02
 -1.7943078e+00
 -3.2371855e-01
 -2.6188660e+00
 -1.3093264e+00
  1.5470698e+00
  1.1033214e+00
 -5.3734136e-01
 -2.0909872e+00
 -8.4923810e-01
  5.7537478e-01
 -5.9240520e-01
 -2.4232900e-02
 -1.5408479e-01
  6.1772281e-01
 -1.3367155e-01
  1.6918803e-02
  4.3292058e-01
  4.1685421e-02
 -2.4284077e-01
 -4.7592002e-01
 -2.5092373e+00
  1.1285365e-01
 -1.1740029e+00
 -2.3885898e-01
 -7.7624846e-01
 -8.9200681e-01
  9.5615625e-02
 -4.2048973e-01
  1.0157368e-01
 -1.8060093e+00
 -8.9300549e-01
 -8.9120615e-01
  1.3774612e+00
  4.6278045e-01
  2.3152287e+00
  9.4721526e-02
 -4.4171220e-01
 -1.0456657e+00
 -1.8411926e+00
  7.8915976e-02
  9.8884988e-01
 -1.9931898e-01
 -7.0253980e-01
  1.8639323e+00
  3.0643597e-02
  9.5056850e-01
  1.5547037e+00
  2.4182194e-01
  6.4356647e-02
 -1.2064341e-02
  1.3382969e-02
  2.5285294e-02
 -1.0678397e-01
  1.2277659e-01
  1.6807464e-01
  1.3463756e-01
 -9.5416717e-02
 -2.3277303e-02
  9.9659689e-02
  1.6273636e-02
  5.7994686e-03
 -3.4899343e-02
 -2.1800919e-02
  6.6218209e-03
 -5.5607360e-02
 -2.8923786e-01
  1.0720633e+00
 -9.0072644e-01
  5.5775100e-01
  3.4961689e-01
 -6.6779667e-01
  1.4255711e-01
  1.2473353e+00
  1.3612572e+00
  2.3641899e-01
 -1.4474224e+00
 -2.2575122e-01
  2.2760861e-01
 -3.4679160e-01
  1.8620367e-01
  4.9615111e-02
  6.7329459e-02
 -6.5580946e-01
  2.1661390e-01
 -2.9956078e-04
 -2.0546229e-01
 -2.0183460e-03
  4.0398979e-01
  1.3233909e-01
 -2.7054581e-01
 -1.9454516e-01
 -4.5960516e-02
 -1.9991896e-01
  1.9341655e-01
  7.9225540e-01
  1.0830108e+00
 -3.3154833e-01
  5.5599320e-01
  5.6984103e-01
  1.6655498e+00
  2.2539204e-01
 -2.6396331e-01
 -7.1690297e-01
  1.3209013e+00
 -8.4788062e-02
  1.1396067e-01
 -4.7223963e-02
  6.8485402e-02
 -1.1148051e-01
  9.8485976e-02
 -4.0265286e-01
 -3.7096483e-01
 -1.5357701e-01
  2.0638866e-02
 -7.8761980e-02
  8.0492631e-02
 -1.0992372e-02
 -1.0415754e-01
 -1.2126855e-02
  9.5910154e-02
  2.3220675e-02
 -4.0429305e-02
  7.0632719e-05
 -4.4528145e-02
  4.9928315e-02
  4.7237179e-04
 -4.4973679e-03
  3.9291780e-02
  1.6330533e-01
  2.9303193e-01
  4.9981296e-01
  6.0058582e-01
 -3.8296318e-01
  4.0983181e-02
 -1.1904992e+00
  1.5189259e-01
  9.5957673e-01
  9.1378832e-01
  1.2532153e+00
 -1.1275088e+00
 -4.5600900e-01
  1.8267546e+00
  4.3895394e-01
 -2.4158051e+00
 -1.1340871e-01
  1.4723756e+00
 -2.6345756e-02
  8.7815034e-01
  2.1295296e-01
  7.7080595e-01
 -1.0102859e+00
  3.8206372e-02
 -5.3265715e-01
  3.7241843e-02
  9.4727302e-01
  1.5399209e-01
  3.1796092e-01
 -5.6310987e-01
 -1.3234209e-01
  2.7545717e-02
 -7.6706760e-02
  4.6880886e-01
 -1.5500993e-01
 -9.3130125e-03
 -6.0656363e-01
 -5.8519330e-02
  1.1760072e+00
 -1.5331951e-01
 -4.6738029e-01
  1.0294644e-01
  3.7424022e-01
  1.4590655e-01
 -4.6660841e-01
 -1.5738579e+00
  5.4899365e-01
 -1.0622957e-01
  4.0463200e-01
 -2.8926113e-01
  1.6102846e-01
  3.4876844e-01
 -5.9454903e-02
 -6.4847074e-02
 -1.7851496e-03
 -1.8493873e-01
 -1.9400248e-02
 -3.3914700e-01
  6.8741105e-02
  9.7181492e-02
 -1.6108227e-01
 -1.2372064e-01
 -3.4031492e-02
 -9.9706627e-02
 -1.0881763e+00
  1.3376729e-02
  1.6390964e-01
 -1.1212303e-01
  2.7976856e+00
 -6.5933436e-01
 -1.5499743e+00
  1.1181813e+00
  8.9701787e-02
  8.9776748e-01
 -1.3141111e-01
  1.9503611e-01
  6.8644390e+00
 -9.3535000e-01
  1.4267677e+00
  3.7131983e-01
  2.0522845e-01
  3.1740751e-02
  7.3359735e-02
  1.8315881e-01
 -5.8509046e-01
 -1.7647735e+00
 -1.1582273e+00
  1.0774153e+00
 -1.6799482e+00
 -2.6362857e-01
 -2.6216391e-01
  2.8056183e-01
  4.1778612e-01
 -6.8523026e-01
 -1.2958793e-01
  7.4602616e-01
 -1.6664103e-01
 -1.0091166e-01
  1.3308145e+00
 -5.1320398e-01
 -1.7743118e-01
 -1.0829513e+00
  6.8873160e-02
  4.8696241e-01
 -6.6114211e-01
  1.8726480e-01
  9.3399152e-02
  1.4097865e-01
  6.3933283e-01
  1.2352499e-01
  2.6932257e-01
  1.9661914e-01
 -6.6741902e-01
  4.5677071e+00
  5.0976582e-02
 -1.1695483e-01
  9.8250389e-02
  1.3309602e-01
 -6.3989860e-01
 -6.3603503e-01
  2.4053071e-02
  2.4728296e-02
  5.4837898e-03
  3.7857199e-01
  6.2867448e-02
 -2.0827466e-01
 -7.8060322e-02
  4.8143797e-02
  9.0079844e-02
 -6.3950759e-01
 -4.5368481e-02
  1.2620600e-01
 -3.3991107e-01
 -1.6379424e+00
  2.0090816e+00
 -4.9379506e+00
  1.1877598e+00
 -1.3153396e+00
 -9.1191930e-01
 -6.1220109e-01
 -3.1972817e-01
  1.3657581e+00
 -6.5796220e-01
 -3.5821991e+00
  7.9338020e-01
  1.9304994e-01
  2.8223472e+00
 -2.5795238e+00
  3.2409185e-01
  1.8582652e+00
  9.8165369e-01
  1.0384527e+00
 -4.0426083e+00
  1.4219251e+00
  8.4060484e-01
  1.2271097e+00
 -7.8291732e-01
  1.5666227e+00
  3.2183800e+00
  1.0799665e+00
 -1.2237198e+00
 -7.0909786e-01
  5.7885590e+00
  2.2094579e+00
  2.0604978e+00
 -7.5835997e-01
 -1.2145218e+00
  3.0411603e+00
  3.1760418e-01
  2.3690920e+00
  5.0189700e+00
  8.2196146e-01
  2.2760014e-01
 -3.0574381e-01
 -6.6520071e-01
 -5.5207992e-01
  1.1859714e+00
  5.6698310e-01
  3.5613236e-01
  8.8033521e-01
  6.5708607e-01
 -7.2809838e-02
 -8.5984802e-01
  3.6359215e-01
 -1.1108423e+00
 -7.8515880e-02
  3.2491561e-02
  6.0015726e-01
  7.2692883e-01
  5.2860316e-02
  5.3911895e-01
  7.2443061e-02
  1.0654829e-01
  4.9347544e-01
  2.0277767e-01
 -6.7105520e-01
  4.3171126e-01
 -6.8309801e-03
  2.0591430e-03
 -8.0797514e-03
 -9.9525703e-03
  1.2772092e-02
  1.0273451e-02
 -5.9194192e-03
  7.8553623e-03
  8.6601702e-03
  1.8082278e-02
 -1.1629197e-03
  5.0331809e-02
  4.2756468e-02
  3.1424132e-03
  7.6078979e-04
 -1.0553248e-02
 -2.1648906e-02
 -3.1442498e-04
 -1.7028671e-02
  6.3173575e-03
  5.2565993e-03
 -2.2862846e-02
 -6.9053681e-03
  3.2854952e-02
  1.1044402e-02
  4.2572148e-02
  8.9717414e-03
 -9.9146850e-03
 -9.1549233e-03
  1.6252790e-02
  8.3798440e-03
 -9.7931502e-03
  1.0805455e-02
 -1.8893210e-02
 -8.3860062e-02
  3.1625237e-02
 -2.8328577e-02
  9.6188178e-03
  2.1418961e-02
 -3.3993465e-03
  1.7932403e-03
  1.0913364e-02
 -1.0684235e-02
  1.5995247e-02
 -7.7304379e-03
  1.4433947e-02
  6.0757464e-03
 -1.0624440e-02
 -5.8339206e-03
  6.6142613e-03
 -1.1007308e-02
 -1.3055485e-04
  1.0332244e-02
  2.9899032e-04
  7.6465914e-04
 -3.1589873e-03
 -2.2561271e-01
  1.0469768e-02
 -5.3387289e-03
  5.9316992e-03
 -3.9828762e-02
  2.2142299e-03
 -1.5699120e-02
  1.7512925e-03
  4.6801209e-01
  5.5819452e-01
 -1.2263618e+00
 -2.7424386e-01
  5.7118928e-01
 -9.1644794e-01
 -4.9831074e-02
 -4.5635152e-01
  1.5374907e+00
 -5.5789965e-01
 -2.0288116e-01
  1.1409994e+00
  4.8976335e-01
 -7.1674466e-02
 -6.8183351e-01
 -6.4529302e-03
 -3.9981779e-01
  3.5544640e-01
 -9.1328904e-02
 -5.0035328e-02
 -4.2461336e-01
 -6.0918796e-01
 -3.8826063e-01
  2.9203704e-01
 -4.8598799e-01
 -6.3818836e-01
  7.9885912e-01
 -1.4887035e-02
  4.3608037e-01
  1.0343374e+00
  1.5416709e+00
 -1.1210154e+00
 -1.0734407e-01
 -4.5538545e-01
 -1.6620280e-02
 -3.8533130e+00
 -7.8365624e-01
  1.4844277e+00
  1.2361585e+00
 -2.2513263e+00
 -8.3343282e-02
 -5.3523839e-01
  3.2569784e-01
 -1.0944054e-01
 -6.8114567e-01
 -3.6527088e-01
 -3.9510369e-01
  5.8835596e-01
  1.3478455e-01
  3.1954460e-02
 -1.2664230e-01
  2.6375279e-01
 -1.3294776e-01
 -6.2758096e-02
  4.2243060e-02
 -1.5782656e-01
  2.1789074e-01
 -6.5762967e-02
  1.0927233e-01
 -1.0298537e-01
 -1.0831122e-01
 -1.0206042e-02
 -4.5296732e-02
 -3.6636792e-02
 -1.1051085e-01
 -1.9358149e-01
 -4.6854597e-02
  1.6969200e-02
 -2.8723212e-02
 -1.5576908e-01
 -1.3881449e-01
  1.6720945e-01
 -1.3649634e-01
 -3.2747838e-01
 -2.6323624e-02
  4.9859192e-02
 -9.9729791e-02
 -4.5613996e-03
 -2.5544479e-01
 -3.1953450e-02
  3.5817027e-02
  6.8668120e-02
  5.6060858e-02
 -3.6643628e-02
 -7.2329640e-02
 -1.6336109e-02
  1.4143651e-02
 -1.1139710e-02
  6.6575468e-02
 -8.7457709e-02
  8.2679942e-02
 -2.6287758e-01
 -4.1732978e-02
 -4.0529393e-02
  1.7172284e-02
 -2.9484624e-01
  4.8555993e-02
 -4.9886876e-03
 -5.9119448e-02
  1.3930556e-01
 -2.0579416e-01
 -1.1292634e-01
 -9.6699134e-02
 -2.7440282e-02
 -1.0784823e-01
  1.3677550e-02
  5.8030754e-02
 -1.5585674e-01
 -4.1561645e-02
 -1.1102623e-01
  2.6263222e-02
 -1.0398496e-01
 -3.6637794e-02
  4.2789970e-02
  7.6354416e-03
 -1.9614877e-02
  9.0225656e-03
  3.8640801e-02
 -7.5148672e-02
  1.0690643e-02
  5.7259403e-02
  2.4698520e-02
 -3.6555223e-02
 -1.0764008e-02
  1.0961761e-02
 -3.6154900e-02
 -1.0903074e-02
 -6.7740101e-03
 -3.1275146e-02
  2.7208475e-02
  3.3102855e-02
  1.2436141e-01
  4.0884721e-01
  3.3787969e-02
  2.6397866e-01
  1.0157257e+00
  2.8945282e-02
 -3.9947498e-01
  2.7835986e-01
  3.8696998e-01
  1.0175513e-01
  2.2775656e-01
  3.8254517e-01
  5.8806807e-01
  2.2452876e-01
 -2.2196678e-02
  7.4079573e-02
  5.9764475e-01
  3.1734225e-01
  1.7777514e-01
  3.7626234e-01
  2.0161287e-01
  2.5262937e-01
  1.9992521e-01
  3.3854774e-01
  1.2739274e-01
  1.7363913e-01
  5.2277094e-01
  3.8033223e-01
  1.7364098e-01
  3.7498498e-01
 -9.6582174e-02
  5.7592773e-01
  5.3319949e-01
  3.9793387e-02
  2.2788462e-01
  4.2734336e-02
  1.7711073e-01
 -1.7979336e-01
 -5.8514833e-01
  9.1761261e-02
  4.0937319e-01
  2.5791901e-01
  4.9294865e-01
 -1.7148310e-01
  2.4102347e-01
  2.6633274e-02
 -3.1267673e-01
  2.7375300e-03
 -2.4566131e-02
  2.2364207e-02
  1.8699996e-01
 -8.3740674e-02
  2.6724276e-03
  8.0159143e-02
  1.1533774e-01
 -1.6655913e-02
  1.3666011e-01
  5.2837346e-02
  1.8972591e-02
  1.0777955e-02
 -1.0426071e-02
 -2.4487039e-02
 -2.9537218e-02
 -1.5017461e-03
  7.6834061e-03
  5.5790824e-01
 -1.4131552e+00
 -8.6631334e-01
 -9.2766523e-01
  2.0683853e-01
  1.6268393e+00
 -3.4699628e-01
 -1.6426569e-01
 -9.0271920e-01
 -3.4077150e-01
  4.6095811e-02
 -6.1604917e-01
  1.6914372e+00
 -8.1006122e-01
  5.6368709e-01
 -3.6925939e-01
 -7.0094687e-01
  6.7248887e-01
  7.6707000e-01
  8.5655987e-01
  4.4140029e-01
  1.1316976e-01
  5.9961283e-01
 -8.6411846e-01
 -2.2131185e-01
  1.6666159e-01
  5.2741212e-01
 -1.1393936e+00
 -1.0400265e+00
 -2.7482290e-02
 -8.5416645e-01
  9.4209367e-01
 -6.5361369e-01
  1.5766454e+00
  1.1945897e+00
 -8.4309447e-01
 -4.1152951e-03
 -5.2821755e-01
  2.4888931e-01
  1.7937917e-01
 -1.8908947e+00
  8.5960394e-01
  2.6440787e-01
 -1.0308295e+00
 -4.0785709e-01
 -1.2469949e+00
  4.4812731e-02
 -1.8237847e-01
 -1.1605401e-01
  2.4288604e-01
  3.9024073e-01
 -1.2587216e-01
 -5.7540429e-01
  2.0156519e-01
 -3.5268915e-01
  1.6118381e+00
 -2.6401159e-01
  1.4447217e-01
 -8.9024693e-02
 -6.7136236e-02
 -2.4386315e-02
 -1.7221558e-01
  2.0029086e-01
 -1.9398972e-02
 -1.2052535e-01
 -1.3628359e-01
 -1.9957554e-02
 -1.7233377e-02
 -1.9322239e-01
 -1.2672820e+00
  1.8686842e-02
 -1.4082615e-01
 -9.3822218e-02
 -2.8789407e-01
  1.2442018e-01
 -9.2378777e-01
 -5.0301445e-01
 -4.9693406e-01
 -1.7076518e-01
  1.2531565e-01
  5.0451517e-02
 -5.2950299e-01
 -2.4425153e-01
 -5.9498224e-02
  5.8292933e-02
  3.4563553e-02
 -5.2284706e-02
 -2.1503361e-01
 -1.2245480e-02
  1.7278613e-01
  2.8433621e-01
 -2.9457083e-01
  6.9517091e-02
 -2.6870424e-01
  6.8580633e-01
  1.6311820e-01
 -3.0332014e-01
 -5.2231604e-01
 -1.6936484e-01
 -6.2501115e-01
 -7.1466975e-02
 -2.8272465e-01
  7.9693764e-01
 -9.3285870e-03
  1.8093355e-01
 -9.5508868e-01
 -1.9997478e-01
 -2.0282325e-01
 -1.2153189e-02
  1.0749547e-02
  1.2928876e-01
 -3.1140607e-02
  1.5330282e-01
 -1.3568542e-02
  8.6169407e-02
 -1.1096754e-01
  8.6276270e-02
  4.7103539e-03
  1.0753741e-02
 -3.6353853e-02
 -1.0863013e-01
  3.8630422e-02
 -5.0628033e-02
  3.3098541e-02
 -2.4692209e-02
  1.0702905e-02
  1.0985812e-02
  5.2830163e-02
  1.7905446e-02
  9.3083069e-02
 -7.5813015e-03
 -4.7864662e-03
  9.5679134e-02
  1.5821174e-02
  8.0460799e-01
 -3.9494820e-03
 -5.1966105e-03
  5.3881295e-03
  1.7921327e-02
  3.0927728e-03
  7.0608412e-03
  1.0922431e-02
  9.1013219e-04
  2.8342022e-02
  4.9334178e-03
 -4.8614629e-03
  5.8664279e-03
  1.0645482e-02
  7.8396294e-03
  1.9747565e-02
  1.9087827e-02
 -1.4107246e-02
 -1.0396371e-02
 -2.4633292e-02
 -1.5007634e-02
 -1.0083889e-02
 -1.0566631e-02
 -1.0479297e-02
 -9.2460485e-03
  1.1000477e-02
  1.0874788e-02
  2.1005925e-02
  1.0350011e-02
  4.8172339e-03
 -1.8827949e-02
  7.2687478e-03
 -9.9998191e-03
 -7.5970343e-03
  5.9789675e-03
 -4.2901803e-03
 -3.3840665e-03
  7.0474213e-03
 -6.5737208e-03
  8.7079341e-03
 -6.3184234e-03
 -8.9855504e-04
  5.0543499e-01
 -1.5033032e-04
 -1.9104427e-02
 -5.8060400e-03
 -1.7005088e-02
 -3.8919952e-03
 -8.4510334e-03
 -8.4999232e-03
 -6.0469951e-03
 -2.1669265e-02
  3.5990945e-03
  1.6105862e-03
  1.0887980e-02
 -5.9526676e-01
 -1.0802552e-02
  2.4047984e-02
 -9.5380787e-03
 -1.6772673e-03
 -4.6210546e-02
 -9.2244186e-02
 -9.9175721e-03
  4.0337640e-01
  1.5097766e-01
  1.6870295e-01
  1.5469720e-02
  5.8529449e-01
 -8.9315498e-01
 -1.1944263e-01
 -4.9200144e-01
  4.7015062e-01
 -5.9496135e-02
 -7.0741706e-02
  2.9582304e-01
  7.0785910e-01
  1.7502807e-01
  1.6570964e-01
  1.4749433e-01
  2.9962763e-01
  4.5804717e-02
  5.3134757e-01
  2.2915935e-02
 -1.9690289e+00
  3.0680254e-01
 -8.4637858e-02
 -2.8171304e-01
  3.3132751e-02
 -1.3867776e-02
  8.8470913e-02
  2.7760517e-02
  8.3128363e-02
 -7.0394479e-02
  9.0778238e-01
  1.3658561e-01
  3.2864332e-01
 -2.7927899e-01
  1.6690575e-02
 -2.8431001e-01
  1.2040062e-02
  1.5664010e-01
 -7.3942399e-01
 -2.4575368e-01
 -4.1779310e-01
  9.8082736e-02
  1.7432941e-01
 -3.8377929e-01
  3.2875991e-01
  6.1282670e-01
 -6.8184766e-03
 -8.7762699e-03
 -6.2365480e-02
  8.1778921e-02
 -2.7586991e-02
 -2.3282103e-03
  7.8895532e-02
  1.3275009e-01
 -2.2238266e-02
 -2.4113296e-02
  5.2042596e-02
  9.9999523e-03
  2.8162511e-02
  2.9050035e-02
 -2.6805892e-03
  3.9786540e-02
  2.1354554e-02
 -7.4808814e-02
 -1.3671614e+00
  2.5422931e-01
 -1.0190336e+00
 -1.0333320e+00
 -1.2738402e-01
  4.0849492e-01
  9.2339301e-01
 -4.6403546e-02
 -4.5426962e-01
  1.0835702e-01
  2.5020584e-01
  9.6802682e-02
  1.7687471e+00
  2.3643599e-01
  5.7796770e-01
 -7.3407716e-03
 -1.8321148e-01
  5.6623816e-01
 -6.6099370e-01
  4.6558762e-01
  3.1685731e-01
 -9.5443264e-02
  4.5129389e-01
 -5.4250479e-01
  1.3659309e-01
 -2.1590305e-02
  3.4106448e-01
 -1.0601395e+00
 -5.0098199e-01
  2.6898244e-01
 -3.8238373e-01
  9.1628754e-01
 -1.1205961e+00
 -1.3775493e+00
  5.9275782e-01
 -1.5701982e-01
  8.5805875e-01
 -1.5366565e+00
  2.1101259e-01
 -2.1808136e-01
  3.2218695e-01
 -3.8917589e-01
 -4.7302732e-01
 -4.0539706e-01
 -1.4528361e-01
  5.4875523e-01
 -1.6860695e-01
 -1.0877992e-01
 -1.3899365e-01
  9.9202886e-02
 -2.2139762e-01
  1.0771628e-01
  4.6834759e-02
 -5.0898969e-01
 -4.3089318e-01
 -2.2396433e-01
  2.9157793e-02
 -2.6445541e-01
 -4.2517755e-02
 -2.8829360e-02
 -5.1782068e-02
 -8.3443876e-03
 -4.2390492e-02
 -7.7312820e-02
  4.1437417e-02
  9.3133390e-02
 -4.4279158e-02
 -1.8825918e-02
  1.2024163e-01
  7.7117577e-02
  3.1990953e-02
  7.7203035e-02
  6.0755163e-02
  1.0863343e-01
 -7.5185099e-03
  5.5420399e-03
 -1.8118523e-02
  1.5774859e-02
 -5.2399997e-02
 -2.9229118e-02
 -3.6640000e-02
 -7.1497909e-03
 -1.0153824e-02
  1.7788118e-02
 -3.7185907e-02
  1.0175066e-02
  2.6773546e-02
  6.1043020e-02
  6.3372336e-02
 -3.5567421e-02
  6.9794985e-03
 -1.1407021e-02
 -3.6425270e-02
  1.8518368e-02
 -3.9843984e-02
  1.6050750e-02
  3.4674603e-02
 -7.2417267e-02
  5.4262888e-02
 -7.7433093e-03
 -1.5044770e-02
  1.7985667e-01
  3.7834890e-02
 -3.9729469e-02
  5.3615993e-01
  9.9436253e-02
  7.9365755e-03
  4.5204766e-02
  3.9073132e-02
  9.6904598e-02
  1.6191313e-02
  2.7363492e-02
 -9.7624771e-03
 -3.8833357e-03
  4.3683279e-02
 -2.2084703e-01
  2.4567096e-02
  1.7187189e-02
 -1.5703043e-02
 -2.0817021e-02
  1.8937541e-02
  8.8690538e-03
 -2.3425803e-02
  9.8890951e-03
 -1.7462727e-03
  2.4299983e-02
  5.7852786e-04
 -1.5758758e-02
 -9.5038454e-04
 -8.4864467e-02
  2.6053229e-01
 -9.6943192e-02
 -9.9915778e-03
  3.5381541e-02
 -5.7717317e-01
  3.1580587e-04
  4.3403964e-02
 -3.0618095e-01
 -6.8995342e-02
 -4.2774972e-02
  2.0245882e-02
  4.8966285e-02
 -1.2661226e-01
  1.3607104e-02
  1.4009883e-01
  1.7002724e-01
  5.2003231e-02
 -4.9864493e-02
 -5.4315161e-02
  6.4717955e-03
 -1.4357139e-01
 -1.3527952e-01
 -1.9544196e-01
 -2.1277724e-01
 -5.7835537e-01
 -7.8900740e-02
  8.1459671e-02
  9.2699513e-02
 -1.3886122e-01
  1.2540914e-01
 -1.1041151e-01
 -2.8832251e-01
  1.8652067e-01
  5.8636904e-01
 -2.2754513e-02
 -5.6827858e-02
  2.4130379e-01
  5.9497930e-02
  6.4228900e-02
 -4.1052404e-01
  2.4796637e-02
  2.7055874e-02
  6.0492512e-02
  7.3526658e-02
  7.0627257e-02
 -1.8108125e-01
 -1.2093637e-02
  3.9606128e-02
  8.1848770e-02
 -1.4065979e-02
  1.3194333e-01
  2.7018342e-02
 -3.6420811e-02
  1.2327212e-01
  1.1103132e-01
 -8.0124795e-02
 -2.4663640e-02
  7.5742066e-02
  4.4949912e-02
  9.8283188e-03
 -3.7962761e-02
  1.0574291e-02
  3.9069675e-02
  2.4598345e-02
 -2.5887156e-03
 -5.6015428e-02
 -1.5817216e-01
 -4.2615823e-02
  8.8291872e-01
 -1.7984524e-01
 -5.3404748e-01
 -3.0938056e-01
 -1.3806327e-01
 -2.5235826e-01
  5.3017586e-01
 -4.8159238e-02
 -2.6528960e-01
 -1.2139338e-01
  1.5415373e-02
  1.4856300e-01
  6.1223689e-02
 -2.9225904e-02
 -1.0975910e-02
 -5.8100507e-02
  6.3554950e-02
 -2.8436979e-02
 -1.4609548e-01
 -6.1730370e-02
 -4.2777110e-02
 -4.6467200e-02
 -6.3447475e-02
  9.8077230e-02
  1.9358242e-01
  3.4885414e-02
 -1.5760744e-02
  8.9646499e-05
 -1.5423432e-01
  1.7780215e-01
  6.2327272e-01
  6.5323345e-02
  1.0481167e-01
 -1.7293259e+00
 -5.9975785e-01
  6.8756483e-02
 -1.2349117e-01
 -9.7999074e-02
  7.3888905e-02
  6.1458848e-02
  1.9135429e-02
 -7.3759958e-02
 -1.4630004e-02
  1.1950656e-01
  1.0958122e-02
  5.2444497e-03
  6.3363011e-03
 -1.0123889e-02
  1.5280128e-02
  2.3490681e-01
  7.2696857e-02
  9.5010564e-02
 -5.5070609e-02
 -1.1037880e-02
  3.2071240e-02
  1.0071188e-02
  3.3630158e-03
 -1.0721344e-02
  2.9196389e-02
  2.0453151e-02
  2.2944044e-03
  8.8718891e-02
 -4.4990739e-01
 -1.6569835e-01
 -1.9050937e-02
 -8.9678383e-01
  3.0909830e-01
 -2.1478891e-01
 -8.6675525e-02
 -1.2916921e-01
  2.1784866e-01
 -1.2836765e-01
 -9.7951777e-02
 -7.8856990e-02
  7.4884903e-01
 -4.4175282e-02
  1.0677624e-02
 -6.1412964e-02
 -7.5701214e-02
 -9.3764057e-03
  2.2517873e-01
 -9.2530459e-02
 -6.8938427e-02
 -1.3382992e-01
 -1.7369573e-01
 -5.2012417e-02
 -1.5655585e-02
 -5.9478834e-02
  2.9530164e-03
  6.3460693e-02
 -3.4596553e-01
  3.9313998e-02
 -8.0049895e-03
 -1.7904726e-01
  1.6363513e-02
 -5.6916958e-01
 -4.8145957e-02
  2.8631937e-02
  3.0234724e-01
  2.8554645e-01
  2.9644730e-02
 -8.4780532e-01
 -1.2044052e-01
 -1.8853268e-01
  7.0733353e-02
  4.4140026e-02
 -6.2580362e-02
  1.0654729e-01
  1.5108447e-01
  1.9082218e-02
 -2.3080202e-02
 -2.9222270e-02
  7.9917219e-03
 -9.1655673e-03
 -2.9814459e-04
  9.9287406e-03
 -1.3841620e-03
 -1.0500934e-02
 -9.5331632e-03
  1.8944016e-02
  3.9819023e-03
 -9.2532719e-03
  1.0987732e-02
 -3.1253483e-02
 -1.4813348e-02
  2.4698066e-02
 -2.3236802e-01
 -2.3514681e+00
  1.6109030e-01
 -1.2863176e-01
  1.3784462e+00
  4.7641876e-01
  2.7749649e-01
  9.7137946e-01
 -2.0251536e+00
  8.6750221e-01
  7.9585850e-01
 -7.2761112e-01
 -2.9479311e+00
 -1.1901340e+00
  4.8404869e-01
  1.1742160e-01
 -9.4076174e-01
  7.5504147e-02
  8.5105073e-01
  4.4565502e-01
 -9.0049440e-01
  1.1857506e+00
 -3.5692254e-01
  3.9368153e+00
  5.7313955e-01
  3.9044961e-01
 -8.9372337e-01
  2.2615802e-01
  1.3462029e-01
  3.9619613e+00
  7.2839111e-01
 -1.4306378e-01
  1.2437078e+00
 -2.6583180e-01
 -4.2315897e-01
 -4.9131140e-01
  4.9514744e-01
 -7.1865517e-01
  8.4171867e-01
  1.0740370e-01
  1.3444310e+00
  7.6441246e-01
  4.8172116e-01
  4.2742249e-01
 -2.5307436e+00
 -5.1015913e-01
  2.6136583e-01
  7.3678124e-01
 -3.1338673e-02
 -1.0031078e+00
 -1.0434293e+00
  3.3698875e-01
  2.2990350e-01
 -2.9457325e-01
  3.4700636e-02
  3.4214288e-01
  1.2133784e+00
 -1.9134650e-02
 -1.3806723e+00
  7.0555347e-01
  1.1629463e-01
  1.0157562e-03
 -1.0007750e+00
  1.0669749e-02
  7.7851075e-01
 -1.0991262e-01
  2.9548153e-01
 -1.5538748e-01
  1.0878637e-01
  1.9289321e-01
  4.5781314e-02
  1.5192821e-02
 -6.8888664e-02
 -2.0921314e-01
 -3.7834460e-01
 -3.8774468e-02
 -2.9335815e-01
  1.4936671e-01
 -2.9743537e-01
 -7.4013919e-02
  1.0977133e-02
  1.3754083e-01
  8.6040013e-02
  3.9202988e-02
  1.1632992e-01
  6.5343633e-02
 -5.9387084e-02
 -2.1664204e-01
 -1.6041775e-01
 -4.6909150e-02
  2.0635821e-02
 -3.5941068e-02
 -4.3089662e-02
  2.2768943e-01
  2.2365834e-01
 -1.0800835e-02
  3.2666262e-02
 -4.7531891e-01
  1.8649535e-01
  1.6642213e-01
 -3.6042634e-01
  4.0094519e-01
  2.7737281e-01
  3.0914825e-01
 -3.5352163e-02
 -2.6396406e-01
 -2.2499160e-01
  1.5903967e-02
 -6.3066669e-02
  5.9664282e-03
 -1.6419399e-01
 -3.0739346e-01
  7.3959000e-02
 -3.0717056e+00
  1.8752519e-02
  2.4625970e-02
  9.2685252e-02
 -2.0724514e-03
 -1.8192984e-02
  7.1645580e-02
  9.6941523e-02
 -4.9350783e-02
 -3.7738569e-02
  3.3097003e-02
  3.4728657e-02
  8.1779435e-03
  1.6795435e-03
  1.6124159e-01
  1.8987639e-02
  1.0966340e-02
 -1.5150763e+00
 -1.3306658e+00
 -1.2942182e+00
  5.2408981e-01
 -8.5851967e-01
  4.0125951e-01
  1.2586228e+00
  4.4674724e-01
 -3.3776348e+00
 -6.3174121e-02
 -2.1442938e+00
  1.7105918e+00
 -3.6219373e-01
 -7.3440993e-01
  5.5698305e-01
  2.4779168e-01
  1.5219343e+00
  2.0243183e-01
 -8.2594907e-01
  2.0076413e+00
  3.5257462e-01
 -1.0949730e+00
 -2.2704937e+00
 -1.3071026e-01
 -2.8186029e-01
  5.5597878e-01
 -1.0242227e+00
  5.1408380e-01
  2.1520410e+00
 -1.1692789e+00
 -1.1398953e+00
  1.1331420e+00
 -1.0198545e+00
  3.4825702e+00
 -3.4239967e+00
 -4.2947039e-01
 -1.5412621e+00
 -7.3406912e-02
 -9.2695880e-01
  7.0529175e-01
 -8.8463002e-01
  2.9043168e-01
  3.2316742e+00
  2.5918801e+00
  2.7520204e-01
  5.9077933e-02
 -9.9015635e-01
 -1.3729119e+00
  1.1656992e-01
  1.5494645e-01
  4.3345924e-02
 -1.9852486e-01
 -1.5100093e-01
 -4.2632836e-01
 -3.7542093e-01
 -7.4747199e-01
  4.8596334e-01
  9.1618456e-02
 -3.7349084e-01
  5.0149288e-02
  3.0834641e-02
  5.0533876e-02
 -5.8075309e-01
 -2.4619643e-02
  1.3544990e-01
  1.0183022e+00
  1.1026590e+00
 -1.3722894e+00
  4.5828552e+00
 -1.6248049e-01
 -3.1617563e+00
 -7.3922724e-02
 -4.4540949e+00
  1.9081635e+00
 -7.0734270e-02
 -3.1179018e+00
  2.9711542e+00
 -9.1776095e-02
 -1.9210961e-01
 -8.6809564e-01
  2.1888873e-01
 -5.4740083e-01
 -3.3593929e+00
  1.5663931e-01
  1.2760245e+00
  1.6717532e+00
  6.4395736e-03
 -1.7259272e+00
  8.2280868e-01
  2.1746399e-02
  1.3254966e+00
 -2.0074019e+00
 -6.3226801e-01
 -6.2535280e-01
 -6.4405465e-01
 -5.2206129e-01
 -1.3908997e+00
  3.3455148e+00
 -1.1820908e+00
  2.0195022e-01
 -2.4738622e+00
 -1.1362604e-01
  2.3015659e+00
 -6.8396613e-02
 -3.8984019e-01
 -2.5928986e+00
 -2.7102944e-01
 -1.3521235e+00
 -5.7912523e-01
 -2.3164643e-01
  2.4342668e+00
 -1.3916799e+00
  7.9495782e-01
  2.4413370e-01
  3.5161957e-01
  1.3843034e-01
 -1.4106006e-02
 -2.5266370e-01
 -5.1999992e-01
  3.7080324e-01
  4.5164087e-01
 -6.9730163e-01
 -1.9102357e-01
  8.9074180e-02
  1.9436911e-01
 -6.7123920e-02
 -3.9814481e-01
 -4.0802050e-01
  6.9710952e-01
 -1.4214908e-01
  2.2037966e-02
  2.1843530e-01
  4.8751318e-01
 -1.6495955e-01
 -8.7924176e-01
  3.1767815e-01
 -1.4830173e+00
 -8.1781608e-01
  2.8129572e-01
  2.8747120e-01
  4.9962494e-01
  2.6095760e-01
  1.1418527e-01
  5.4699443e-02
 -2.8558952e-01
 -8.2664050e-02
  5.9157997e-02
 -1.3921040e-01
 -1.7547686e-01
 -3.2742047e-01
  4.7069842e-01
  2.4078053e-01
 -3.0151895e-01
 -1.4337711e-01
 -1.0872990e-01
  4.3790978e-01
  1.6381575e-01
 -1.0302649e-01
  6.4521259e-01
 -3.6969104e-01
 -7.5653332e-01
  8.7409429e-02
 -8.5729927e-01
 -4.4289608e-02
  1.4010478e+00
  1.1085926e-01
 -2.6317024e-01
  7.0884800e-01
 -9.1507393e-01
 -2.3394383e-01
 -1.5412705e-01
  1.7425546e-01
  2.6521030e-01
 -8.8099189e-02
 -5.5212971e-02
  2.5757309e-02
 -5.1266241e-01
 -2.7919182e-01
 -6.1138417e-03
  7.2324678e-02
  4.4669110e-02
 -8.8860460e-02
 -1.5858322e-02
  2.9154679e-02
 -8.7634854e-02
  2.6759520e-04
 -2.9728344e-02
  4.2754650e-02
 -3.9743569e-02
 -4.2146046e-02
 -8.6995196e-01
 -1.0946203e-02
  5.0519921e-02
 -4.7974046e-02
 -4.8130292e-02
  1.6893423e-01
 -9.2809123e-01
  6.5492535e-01
  1.0934328e-01
 -3.7286681e-01
 -3.7373772e-01
  1.0467187e+00
 -2.7657390e-01
  6.7303008e-01
 -1.4512381e-01
  1.1495264e+00
  7.1287811e-02
 -2.4557093e-02
  1.4064650e-01
 -1.6767669e-01
  6.1496064e-02
  1.6337094e-01
  1.4042380e-01
  5.9323817e-02
  2.8275725e-01
 -4.0114775e-01
  9.9700112e-03
  4.0636340e-01
 -1.5739194e-01
 -3.1955519e-01
  8.4782258e-02
 -5.7462251e-01
 -1.8181072e-01
 -2.7031025e-01
  1.5731726e+00
 -3.5088736e-01
 -2.0206244e-01
 -1.0282426e-01
  1.7503858e-01
  2.3120727e-01
 -1.9114917e-02
 -2.8851432e-01
  3.5772949e-02
  9.4251268e-02
 -2.2270847e-02
 -1.0091542e+00
 -1.1418393e-01
 -4.8146499e-03
 -3.3694255e-01
  7.7258572e-02
 -1.3646863e-01
  5.8992666e-01
  7.6850995e-02
 -7.7890925e-02
  1.1019221e-02
  1.0934007e-02
 -7.1147853e-04
 -1.0578945e-02
 -1.0717311e-02
  2.8552866e-02
  1.1513630e-01
 -3.5926040e-02
 -1.0934914e-02
  3.9759364e-02
  1.0886194e-02
 -9.4306748e-03
  6.8035297e-02
  6.3697673e-02
  7.4634524e-03
  2.0707762e-02
  6.4605542e-02
 -2.3180042e-01
 -1.0741746e-01
 -2.4323884e-02
 -1.5348925e-01
  4.2627599e-02
  2.7038637e-01
  1.7108865e-01
  4.9236026e-02
  1.0185824e-01
 -1.8569753e-02
 -7.4847946e-03
  3.9624367e-02
  4.3908764e-02
  3.6270977e-03
 -4.1843701e-02
 -2.3136742e-02
 -2.7264744e-02
 -9.9860774e-03
  1.7222114e-02
 -2.6839361e-02
  1.6993893e-02
 -1.8858414e-02
  3.2889187e-02
  9.0846933e-02
 -4.4328243e-02
  3.6530155e-03
 -2.6308760e-02
 -4.7958270e-02
  9.6702747e-02
 -4.8893150e-03
 -1.0527355e-02
  2.4497161e-02
 -9.0413958e-02
 -2.4974845e-01
  1.6920455e-02
  6.0774368e-01
  1.1576703e-01
  6.8365149e-02
 -4.6158478e-02
  2.6094163e-02
  5.2663144e-02
  1.8153172e-02
  4.7083445e-02
  1.8687734e-02
  2.4570694e-02
 -1.1743508e-01
 -4.2022411e-02
 -2.8880268e-02
 -8.7693945e-02
 -8.0880653e-03
 -6.4102747e-03
  1.9122079e-02
 -1.0067482e-02
 -5.0527327e-02
 -9.7803082e-03
  2.9085470e-02
  1.0311468e-02
 -2.7841985e-02
 -1.7615920e-02
  7.3191202e-03
  3.0610063e-03
 -1.0989827e-02
 -1.8796368e-02
 -5.0603427e-02
  4.9691036e-01
 -5.2178711e-01
 -4.4026873e-01
  5.1570177e-01
  1.5659263e+00
  3.1585193e-01
 -1.6247318e+00
 -1.1837588e-01
  7.1197218e-01
  3.3117741e-01
  5.2961576e-01
 -1.3304665e+00
 -1.9358486e-01
  6.6672063e-01
  7.9885572e-01
  4.5809492e-01
 -2.3650851e+00
  1.1817809e+00
 -1.8301852e-01
 -7.1172553e-01
  3.9663461e-01
  8.5735202e-01
  9.9153721e-01
  1.1635556e+00
  8.0756867e-01
  7.7564001e-01
 -2.0928624e-01
 -2.8664194e-02
 -5.5906427e-01
 -1.5992500e+00
  4.0674707e-01
  1.5800189e+00
  2.7844134e-01
  9.0536749e-01
 -1.0413184e+00
 -1.3290896e+00
 -2.1105391e-01
  8.7946594e-02
 -6.5540171e-01
  1.4365230e+00
  2.8786582e-01
  5.4103315e-01
  8.6778551e-01
 -8.7798625e-01
  8.9040411e-01
 -1.3616533e+00
 -1.2899051e+00
 -1.2681247e+00
 -1.9294457e-01
  1.1217748e+00
 -9.3846911e-01
  2.5792679e-01
  1.6173483e+00
 -2.6476992e-02
 -1.9707043e-01
 -1.2679815e+00
 -4.2859077e-01
 -2.3609130e-01
 -2.3830016e-01
 -2.1564573e-01
 -3.2534681e-02
 -5.5238396e-02
 -4.5133317e-01
  2.9661980e-01
  5.9494045e-02
 -3.4354821e-01
  5.1191473e-01
  4.1578409e-01
 -2.6925084e-01
 -4.2880145e-01
 -3.2377177e-01
 -7.4860054e-01
  1.7004760e-01
  2.6430225e-01
  6.4797640e-01
  1.0582391e+00
  2.3284572e-01
 -6.3469008e-02
 -3.2606322e-01
  6.0518855e-01
  1.0155543e-01
  2.6262051e-01
 -1.1950508e-01
 -1.4301497e-01
  2.9659575e-01
 -2.1666004e-01
  4.0899564e-02
 -1.9441147e-01
  1.0153421e-01
 -3.5681432e-01
 -1.0825682e-01
 -3.0902919e-01
  2.0920233e-01
 -1.5851074e-01
  3.6267692e-01
  1.1718861e-01
  2.2561419e-01
  5.7537174e-01
 -1.7492005e-01
 -1.0514708e+00
 -4.1116905e-01
 -1.1811453e+00
  4.9664512e-01
 -2.2811589e-01
  9.3579078e-03
 -1.7248209e-01
 -2.7986977e-01
 -3.3448029e-01
  6.1240621e-02
  2.9043505e-02
 -6.0977066e-01
 -4.1380918e-01
 -1.7907104e-01
  1.9131584e-02
  4.6463970e-02
 -1.9198256e-02
 -1.2807327e-02
  9.4150826e-02
  6.8975568e-02
  1.7285898e-01
 -3.1134201e-02
  3.6131561e-02
 -1.5244306e-02
  6.7155778e-02
 -3.5422601e-02
 -8.1126988e-03
  2.4076030e-02
 -1.0361850e-01
  1.0370860e-01
  5.0588444e-02
  5.9306473e-02
 -2.0281480e-01
  7.2139956e-02
  7.0378691e-02
 -4.7853327e-01
  1.0259647e-01
  1.2641035e-01
  1.6839841e-01
  4.2650353e-02
  1.1425184e-01
 -8.1412261e-03
  1.4247391e-02
 -2.2150645e-02
  3.3507822e-03
 -5.9483230e-02
 -2.3810815e-02
  6.3702487e-03
 -2.8489573e-02
 -7.4990853e-03
 -6.0377121e-03
  1.9197984e-02
  3.5640929e-02
  4.4352889e-02
  8.4751740e-02
  4.5460433e-02
 -6.7156881e-02
  2.0445185e-03
  3.9029010e-02
 -9.4117597e-02
 -5.6884736e-02
  2.8512510e-03
  4.5107953e-02
  9.3019396e-02
 -5.0422724e-02
 -1.7240347e-01
  2.0581011e-01
 -1.2336359e-01
 -3.9554525e-02
 -2.3938533e-02
 -2.1766761e-02
  8.4444046e-02
  1.7864212e-02
  7.5331138e-04
 -8.7037440e-03
 -1.5764037e-02
  4.8147872e-02
  7.6052055e-02
 -7.6936297e-02
 -4.5492023e-02
 -6.5113399e-03
 -4.7295713e-03
 -1.8729609e-02
  3.6256276e-02
 -1.6894052e-02
 -3.3636522e-02
 -4.2787097e-02
 -2.5516290e-03
  7.5000781e-03
 -3.6234085e-02
  1.0543707e-02
 -2.7083354e-03
 -1.8621111e-02
 -2.4683123e-02
 -2.3645729e-02
 -1.1048494e-02
  4.2335874e-01
  5.5510706e-01
 -9.7319987e-03
 -1.6006872e-03
 -2.1953804e+00
 -1.0943064e-02
 -3.3291252e-03
 -1.6961477e+00
  1.0740919e-02
  1.4825790e+00
  1.0737552e-02
  1.0127114e-02
  8.6287996e-03
 -7.5777331e-03
  3.8278851e-01
 -7.3428531e-03
 -2.2323797e+00
 -4.8373213e-01
 -6.5652108e-01
 -2.9498944e-03
 -8.5928189e-03
  5.7642423e-03
 -1.0067980e-02
  1.0338350e-01
  1.0483006e-02
  7.9829572e-03
 -5.2733302e-02
  2.0115785e-02
  1.0749519e-02
 -1.8511686e-01
  1.7854458e-02
  7.6902322e-03
  4.0156552e-01
 -1.2887722e+00
 -1.5843606e+00
 -4.9753129e-02
  2.0137768e+00
 -1.2977983e+00
  5.9487969e-01
 -1.9124920e-02
 -8.3040250e-03
  4.6734125e-03
  7.3403697e-03
  1.1284080e+00
  2.5598210e-01
 -3.1617889e-03
 -2.9282930e-01
 -6.0631009e-03
 -4.0789465e-03
 -4.6696682e-03
 -1.3531371e-02
 -1.1047482e-02
  1.1898397e-01
 -6.4661982e-03
  2.5670098e-03
 -5.9806271e-03
 -1.0704629e-02
  9.5084822e-03
 -7.0593422e-03
  5.7292734e-03
 -8.8383900e-03
  2.8603727e-01
 -4.7645704e-03
 -1.0861683e+00
 -9.1082100e-03
  7.8659663e-03
  1.2499286e+00
 -1.5191264e-01
  2.5274934e-02
  5.9415922e-03
  1.8640195e-01
 -1.8782523e-01
  2.1859939e-01
  2.5646684e-01
 -1.7567386e-01
 -3.5026278e-02
 -1.5341741e-02
 -3.5455503e-02
  4.5541700e-02
  1.5282694e-01
  1.0241909e-01
 -7.8180924e-02
  4.5491893e-02
 -1.8560025e-01
  5.7113979e-02
  1.4834350e-01
  6.5216348e-02
 -1.1842848e-01
  9.6892744e-02
  1.0803270e-01
  1.3921942e-01
  1.5105329e-01
  2.4330088e-01
 -1.2434054e-01
  1.8863924e-02
 -5.5691857e-02
  4.5150254e-02
  1.2442596e-01
 -1.0369852e-01
  3.5398796e-01
  5.7360414e-02
 -1.0872317e-01
  2.5828552e-01
  1.0767832e-01
 -1.0209813e-01
  6.1417110e-02
  1.4190590e-01
  3.1936646e-03
  2.0604408e-01
 -1.4823207e-01
  4.2158965e-02
  1.0836644e-01
 -1.4092222e-01
 -1.9011667e-02
  1.5366518e-02
 -1.7875578e-02
 -5.1115835e-03
  5.0312031e-02
  1.7911043e-02
 -8.9010276e-02
 -5.7365902e-02
  6.6669136e-02
  2.0327801e-02
 -2.3688570e-02
 -5.9472993e-02
 -1.5873873e-03
  1.0808783e-02
 -1.1038743e-02
 -5.2965861e-02
 -1.1034956e-02
 -3.0024353e-01
 -7.7125803e-02
 -5.2621722e-01
  8.6680002e-04
  1.9710766e-01
  3.5477437e-02
 -6.1938455e-03
  6.0995858e-02
  2.7740035e-02
  1.6123082e-01
 -2.7658552e-01
  3.7522700e-02
 -6.8036921e-02
  1.5629004e-01
 -1.2896208e-01
 -1.1729544e-01
 -8.6152419e-02
  1.5971099e-01
  2.0154566e-02
  2.0166543e-01
  1.5265810e-01
  6.6458294e-03
  1.6680619e-02
  1.1371218e-01
  2.9126707e-01
  5.0356671e-02
  5.6330353e-02
 -5.3993002e-02
 -1.2423978e-01
  3.7229979e-01
 -6.7942277e-02
  4.2171951e-02
 -6.7610838e-02
 -1.7003939e-01
 -2.5072622e-01
  3.9907703e-01
  9.7156221e-01
 -3.2576361e-01
  2.7736419e-01
  1.5143001e-01
 -5.0383259e-02
  2.1164867e-01
  7.7014357e-02
 -2.6937457e-02
  4.1142371e-02
  1.3546377e-01
  2.6168960e-01
  9.1605000e-03
 -1.8923558e-02
 -6.7229019e-03
  3.6232878e-02
 -3.6493260e-01
 -9.5396258e-02
  3.1572435e-02
 -1.2093053e-01
 -5.5101585e-02
  5.9495553e-02
  2.8927585e-02
 -7.2280683e-02
  1.0844566e-02
  5.5181440e-03
 -4.9370527e-03
 -9.5302723e-02
 -3.5932481e-02
 -1.0693466e-02
  8.0441779e-01
 -2.9108891e-01
  1.3735223e+00
 -1.2706408e-01
  1.6981137e+00
  3.1006727e-01
  2.5091955e-01
  3.9483869e-01
  1.5048905e-01
 -1.6790871e-01
  2.8163305e-01
 -3.2213771e-01
 -4.9834216e-01
 -9.1001950e-02
  8.0150968e-01
  4.3004245e-01
 -1.2915820e-01
  2.3467649e-02
 -4.7952577e-02
  7.4507308e-01
  4.7684094e-01
 -2.6755780e-01
  1.4269604e-01
  3.9565872e-02
  7.0199227e-01
  4.6782631e-01
 -1.4018920e-01
  2.2829148e-01
  2.4569754e-01
 -7.4109368e-02
 -6.8331957e-02
  2.7897254e-02
  5.3393102e-01
 -1.3954806e-01
 -5.8547014e-01
 -1.7594349e-01
  2.2390711e-01
 -4.0992540e-01
 -5.7822710e-01
  2.3695488e-01
 -1.8019652e-01
 -3.5985726e-01
  4.1219068e-01
  3.5414326e-01
 -1.1519729e-01
 -7.5067334e-02
 -3.1616479e-01
  2.7029021e-02
  6.6870384e-02
 -6.7957953e-02
 -4.1470930e-01
  2.3909941e-01
  7.1012145e-01
 -2.4705276e-02
 -2.7560440e-01
 -1.3755202e-01
  1.4362259e-01
 -5.2964732e-02
 -1.4679216e-02
  1.3105531e-02
  1.7203256e-02
  1.0420402e-01
  7.8898817e-02
  9.6794114e-02
  2.3555085e-01
  9.4398797e-02
 -1.2446610e+00
 -5.7168670e-02
 -7.5051494e-02
 -2.3033702e-01
 -1.8283719e+00
  1.8493779e-01
  2.6994103e-01
  1.9667536e-01
 -2.8161550e-01
  2.7216440e-01
 -2.3235947e-01
 -3.3741969e-01
  1.5023845e+00
 -1.3925117e-01
 -5.0278860e-01
 -1.4945960e-01
  4.2001732e-02
  2.4691729e-02
 -5.2311337e-01
 -2.1587281e-01
 -1.0523032e-01
 -3.4032714e-01
  7.2609735e-01
 -3.3419248e-01
 -2.5694513e-01
  2.4581429e-01
 -2.2124301e-01
 -2.1037208e-01
  5.9691113e-01
 -1.8729325e-01
 -1.0415462e-01
  2.9211280e-01
 -5.5842418e-02
 -2.2830462e-01
  4.5369735e-01
 -5.2766240e-01
  4.8916936e-02
  2.8390929e-01
  1.4780183e-01
 -2.6441401e-01
  7.3278964e-01
 -1.6539352e-01
  2.6263900e-02
 -9.4075583e-02
 -2.3639408e-01
 -6.5713026e-02
 -1.3926865e-01
 -7.3967308e-02
 -1.7420566e-02
  2.5756121e-02
 -1.9045413e-01
  4.4887564e-01
  5.7274446e-02
 -2.0032775e-01
 -3.2431546e-01
  8.1813008e-02
  4.5295928e-02
 -1.4275455e-01
 -9.5877521e-02
 -1.9132359e-02
 -9.3979284e-02
  1.5760739e-01
 -1.2547060e-02
  2.4702646e-02
 -9.5671110e-02
  1.3760206e+00
 -9.3011266e-01
  1.9918005e-01
  3.8384578e-01
 -3.4852305e-01
  2.1934409e-01
 -9.9015586e-02
  1.5814723e-01
 -3.9226219e-01
 -2.9245603e-01
 -3.4460223e-01
 -1.6421515e-01
  1.6989839e+00
  3.8592213e-01
  4.1495886e-02
 -5.0002939e-01
 -1.5623106e-01
 -2.6110131e-01
 -6.6460681e-01
  4.0001485e-02
 -3.0265626e-01
  9.6904717e-02
  1.6687696e-01
  1.0796728e-01
 -2.6005304e-01
 -3.8741222e-01
  2.4123362e-01
  9.8199248e-02
  6.4014649e-01
  1.0563247e-01
  2.8187615e-01
  9.6127704e-02
  2.1495184e-01
 -2.5767475e-02
  1.5286107e-01
  1.8902670e-01
 -1.0085143e-01
  6.3517106e-01
  1.4342326e-01
  1.1075259e+00
 -4.7435537e-02
 -3.3069825e-01
 -2.4173304e-01
  4.9319881e-01
  5.8499470e-02
 -4.0306717e-01
 -3.8033316e-01
  4.4866623e-03
 -9.5132701e-02
 -1.2872745e-01
  1.9733265e-01
  1.5176457e-01
 -6.4927243e-02
  1.4427063e-01
 -2.9227903e-02
 -1.3468911e-01
 -4.4577975e-02
 -3.0655034e-02
 -1.0979732e-02
 -1.1630897e-04
 -2.8906275e-02
  1.1211228e-01
 -4.6752863e-02
  4.8049595e-03
 -1.7060648e+00
 -8.1765676e-01
  3.6926916e-01
 -2.7853134e-01
  1.3223116e-01
  2.5538966e-01
 -6.6888130e-01
 -5.0225359e-01
  1.6932984e-01
 -4.4361585e-01
 -5.0787252e-01
  1.2451075e-01
 -1.7009015e-01
  8.8611543e-01
  7.4555272e-01
  7.0301187e-01
  3.9227299e-02
 -4.4043608e-02
  3.0714223e-01
  3.7403569e-01
 -5.4474443e-01
  2.0730805e-01
 -2.1028425e-01
  7.1857125e-02
  9.7527854e-02
 -1.3715043e+00
 -4.7289434e-01
  4.9644673e-01
  1.8218143e-01
 -9.6301571e-02
  2.0422712e-01
  9.8515463e-01
 -3.9606053e-02
 -8.5599011e-01
 -9.9424370e-02
 -4.2338616e-01
  4.0238425e-01
  6.5859485e-01
  7.3049314e-02
 -3.3037069e-01
 -8.8269424e-01
 -2.0916855e-01
 -7.1586740e-01
  2.0814474e-01
  5.8821034e-01
 -7.6190370e-01
 -8.8898855e-01
  3.8684741e-01
  1.2244438e-03
 -9.7240046e-02
 -2.0519514e-01
  4.2863554e-01
 -1.0838513e-04
 -3.2563895e-02
  2.4580872e-01
 -4.9685457e-01
  1.8650879e-01
 -9.9412523e-02
  3.9930537e-01
  1.0613206e-01
  3.3101078e-02
  2.8721148e-02
  4.2552616e-02
  2.7823631e-02
  1.5087850e-01
 -8.6606674e-02
 -2.3614389e-01
  2.2386637e-01
 -1.5442874e-01
  4.5025498e-01
  1.2495919e-01
  5.9701103e-01
  5.4705203e-01
 -3.5920104e-01
  2.4381401e-01
 -2.3746302e-02
 -2.6434731e-01
  2.9230509e-02
 -7.0491344e-02
 -4.7229394e-02
 -1.4085881e-01
 -1.1772406e-01
 -4.1727234e-02
  6.7204669e-02
  2.6046434e-01
 -1.3512519e-01
 -1.2039946e-01
  1.8535976e-01
  5.7200454e-02
  4.8146474e-01
  8.6613309e-01
  4.0868934e-02
  3.8683835e-02
 -2.3143560e-01
  4.2800567e-01
 -2.9576880e-01
  1.0280697e-01
  8.7428751e-04
 -2.6536041e-01
 -2.6042059e-01
  2.5157329e-01
  2.3720409e-01
  9.6854937e-01
 -2.9039553e-01
  2.3738189e-02
  1.7654620e-02
  8.6290568e-02
  4.4891510e-02
 -4.9742285e-02
 -9.6826896e-02
 -2.9497351e-03
 -4.3596268e-01
 -1.1812868e-02
 -2.0213744e-01
 -9.5442444e-02
  4.2778391e-02
  6.7081787e-02
  2.1791917e-04
  9.7808950e-03
 -8.4662281e-02
 -2.1712271e-02
  4.2200889e-02
  1.0903915e-02
 -6.7184612e-02
 -5.9220526e-02
 -1.3267581e-02
 -1.6930541e-02
 -1.1043396e-02
 -3.2554381e-02
 -8.6278409e-02
 -5.2097547e-01
  1.1176382e+00
 -2.8106380e+00
 -2.5887492e-01
  5.4063287e+00
 -1.3878093e+00
  5.4942870e-01
  3.0019209e+00
  1.1347020e+00
  2.5337200e+00
  1.5279374e+00
 -7.9600565e-02
  7.0865130e-01
  1.9741791e-01
  7.9733473e-01
  4.5568031e-01
  6.7610312e-01
  1.3186703e+00
 -2.0850151e+00
  4.4356334e-01
 -1.3541783e+00
  1.6078800e+00
 -1.2561642e+00
  3.7956756e-01
 -7.7583313e-01
  1.1506877e+00
  1.5186421e+00
  1.2657439e+00
  4.7346148e+00
  3.8075769e+00
 -1.2650967e+00
  5.4182935e-01
  9.9396974e-01
 -2.2952719e+00
 -1.8381331e+00
  9.3110758e-01
  5.6734902e-01
  4.5975041e-01
  3.2823112e+00
  7.8403240e-01
 -3.9012310e-01
 -1.2631834e-02
 -1.3530293e+00
 -3.0517974e-01
 -1.0815890e+00
  1.4156203e+00
  2.4836538e+00
  8.9683735e-01
 -8.4775686e-02
  2.7338421e-01
 -4.2130906e-02
 -4.5482811e-01
  1.4427778e-01
  2.6584902e-01
 -2.3089260e-01
 -9.2284131e-01
 -5.9441209e-02
  1.1612477e-01
  2.8059137e-01
 -5.4557577e-02
 -1.0956187e-02
 -1.1045108e-02
  3.1694692e-01
 -1.6039331e-01
  1.0599115e-01
 -9.5452327e-01
 -2.7263293e-03
  1.0170479e+00
 -1.0730581e+00
  2.8875499e+00
  9.0415716e-01
  3.8345931e+00
  6.7645288e-01
 -5.5679280e-01
 -2.3983875e-01
 -1.1876323e+00
  2.2856603e+00
  6.1740923e-01
 -4.2438406e-01
  8.1046087e-01
  4.6778932e-01
  8.6496055e-01
 -1.0186342e+00
 -7.1712977e-01
 -3.8931087e-01
  1.4052528e+00
  2.9625127e-01
 -6.6457134e-01
 -1.1475816e+00
 -2.8444533e+00
 -8.5464430e-01
 -9.8202968e-01
 -6.7989498e-01
  5.0422919e-01
 -3.8360560e-01
  5.4024541e-01
  3.7123761e-01
  7.5638086e-02
  1.8374298e+00
 -2.8330610e+00
  5.0108933e-01
  7.1233547e-01
 -5.7525378e-02
  1.0789173e+00
 -2.9361966e-01
  4.0489075e-01
  2.4059959e-01
  2.5065625e-01
  9.9626589e-01
 -2.6854303e-01
 -1.2779151e+00
  1.0331736e+00
 -2.5326371e-01
  2.0555612e-03
  3.2148570e-01
  1.8518174e-01
 -1.7571065e-01
  9.0196007e-01
 -1.2037630e-01
  3.3770508e-01
  5.9436318e-02
 -3.5680395e-01
 -8.6381203e-03
 -1.3257478e-01
  3.6633734e-02
 -4.8096500e-02
 -1.5023383e-01
 -1.3210301e-01
  5.2976284e-02
 -3.8161209e-01
  7.8944433e-03
  5.7652462e-01
 -1.1738802e-01
  2.4691492e-02
 -4.2052060e-02
 -1.0414930e-01
 -4.6804953e-01
 -1.7581670e-01
 -7.1856759e-02
 -1.5895921e-01
  2.4513466e-02
 -1.4099073e-01
  4.1672617e-02
 -1.8992646e-02
 -3.8438257e-02
 -2.7819010e-04
  3.1632356e-02
  1.3941268e-02
  6.8333447e-03
 -3.3144195e-02
 -3.0022631e-03
 -3.3106852e-02
  7.4007288e-02
 -1.1265793e-01
 -8.4808700e-02
 -1.4713554e-02
  2.5731437e-03
 -2.4360787e-02
  7.9780042e-02
  2.6177192e-01
  4.2613037e-02
 -5.1270638e-02
 -8.6290777e-02
  9.4169304e-02
  3.6316103e-01
 -1.0047521e-02
  3.6185268e-02
  2.3195387e-01
 -8.6870730e-02
  2.2274550e-04
 -2.3565322e-01
 -5.9058703e-02
 -2.3611534e-02
 -2.8136769e-02
  9.6755791e-03
 -5.5084903e-02
  7.5327538e-02
  4.2488713e-02
  3.6521118e-02
  1.4742191e-02
  3.8738344e-02
  8.3741182e-03
 -2.4146169e-02
 -1.8473191e-02
  3.8791452e-02
  3.6564894e-02
 -3.5301503e-02
  1.7928155e-02
  1.7912371e-02
  2.3868157e-02
 -4.0442955e-02
 -4.6763933e-04
  2.4695171e-02
  1.4615876e-02
  3.2983854e-02
  3.6612146e-02
  1.3403542e-01
  2.6937580e-01
  1.0440131e-01
 -3.9072774e-02
 -8.2701397e-01
  8.4289601e-03
 -1.8974367e-01
  2.9052604e-02
  2.6564756e-02
 -3.2767884e-02
 -7.8884773e-02
  3.9128490e-02
 -3.2302287e-01
 -1.1874833e-01
  4.1954204e-02
  6.8675332e-02
 -9.9435337e-02
 -1.0554170e-01
  7.1315505e-03
 -6.3177221e-02
 -5.0070673e-02
 -1.3641629e-01
 -1.7711867e-01
 -1.7277379e-01
 -1.8187375e-01
 -3.6646804e-01
  7.9608358e-02
 -2.5859383e-01
  9.6358232e-02
  4.3606199e-02
 -7.7189915e-02
 -2.4778521e-01
  1.8519907e-01
  1.4149407e-01
 -9.3424313e-02
 -1.0446628e-01
 -4.0142161e-01
 -2.0569897e-01
  8.8954344e-02
 -3.0540964e-01
 -7.2959769e-01
 -1.6977319e-01
 -1.2983721e-01
 -1.9079242e-02
 -2.0386519e-01
  5.7952595e-01
 -1.1616385e-01
  2.9158341e-02
  8.7441765e-02
 -5.0269745e-02
  3.2361940e-02
 -4.2602167e-02
 -1.8312082e-02
  6.3466981e-02
  3.3002786e-02
 -7.2369538e-02
 -2.4546975e-02
  4.1553516e-02
  6.5358765e-02
  7.6474482e-03
 -1.0921477e-02
 -4.2022526e-02
  1.2492102e-02
  3.1631198e-02
 -4.6605468e-01
  1.0031525e+00
 -1.2951934e+00
  1.4408326e-03
 -1.4228321e+00
 -1.8312814e+00
 -1.3172330e+00
 -1.2590001e+00
 -2.1050584e+00
 -2.4573631e+00
 -1.0525336e-02
  1.7857789e+00
  5.2422225e-01
 -1.1434301e+00
 -1.2063155e+00
  9.5483994e-01
 -7.6936267e-02
 -2.5882018e-01
  7.5022095e-01
 -5.7408668e-02
  4.9539776e+00
 -7.4841425e-02
 -1.2490335e+00
 -7.1113348e-01
 -2.4871677e-01
  2.4190247e+00
 -8.9315683e-01
  3.9133471e-01
 -7.4242496e-01
  4.3111539e+00
  1.8119803e-01
  1.8499845e-01
  5.3570527e-01
 -6.7289144e-01
 -5.5748135e-01
 -6.5468115e-01
 -1.4773248e+00
  5.1925224e-01
 -1.1902806e+00
  4.9767521e-01
  1.1469727e+00
 -4.7655579e-01
  6.4143434e-02
  6.5314984e-01
 -1.1657437e+00
  2.8987831e-01
  1.5247042e+00
  1.6169509e+00
  2.1500537e-01
  1.5073647e-01
 -7.4764416e-02
  1.9040470e-01
 -5.5976011e-02
 -9.9393532e-02
  3.4849584e-01
  3.4244105e-01
 -2.5600076e-01
  3.2513428e-02
  4.8369610e-01
  6.7205653e-02
  1.9108659e-02
  3.0750057e-02
  3.3142608e-02
 -7.2443351e-02
 -7.4076705e-02
 -4.2412013e-02
 -3.1037539e-02
  6.9420724e-03
  1.1033824e-02
 -1.6606664e-02
 -1.2251697e-01
  3.6649767e-03
 -8.7592728e-02
 -2.9139651e-02
 -4.7512218e-02
  2.9141324e-02
 -6.3531939e-03
 -1.8931618e-02
  7.2815544e-03
 -9.4050225e-03
  1.7755708e-03
  2.8041728e-02
 -1.0851590e-02
  1.8836401e-02
 -7.9482589e-03
 -4.4065025e-03
 -2.3902629e-02
 -1.2437527e-02
 -1.3111151e-02
 -1.8013852e-02
  2.6227174e-02
 -1.2706568e-02
 -4.1762269e-03
  5.0946619e-02
 -4.9617845e-01
 -2.8339231e-02
  1.0935511e-02
 -2.3072917e-02
  5.9428036e-02
  9.4366416e-02
 -1.2770384e-03
  3.9197814e-02
 -8.2672149e-02
  4.9412876e-02
  2.2097304e-02
  7.6301349e-03
 -3.9698310e-02
  8.6032785e-04
 -6.6363528e-02
  5.5881264e-03
 -3.6786618e-03
 -7.6596111e-02
  3.2709315e-02
  1.8588599e-02
 -2.1272751e-02
  1.0828817e-02
  3.0828575e-03
 -2.4483209e-02
 -6.1328616e-03
  2.2634959e-02
  1.7521737e-02
 -9.4476808e-03
 -1.0062844e-02
  1.0439294e-02
  8.1190486e-03
 -1.2795152e-01
 -9.3248626e-03
 -1.8755592e-02
  2.9660987e-03
 -1.7669905e-02
 -2.3195861e-01
  8.2752901e-01
 -6.0180491e-01
  1.3205902e-01
  5.3395450e-01
 -2.0357312e-01
 -1.0061114e-01
  1.6422737e-01
 -9.9034712e-02
 -7.2160445e-02
 -4.3422963e-02
  1.4535381e-02
 -3.0344313e-01
 -4.1938072e-01
 -6.3852440e-03
  9.2483535e-02
  4.7419205e-02
  1.8901178e-01
  9.6390575e-02
 -1.5105090e-01
 -1.0654511e-01
 -3.4675232e-01
 -6.2332496e-02
 -1.9971520e-01
  8.8651277e-02
 -1.0235442e-01
 -5.9409987e-02
 -2.0637052e-01
  9.5262043e-02
 -1.9792484e-01
  8.1522927e-02
  8.9128584e-02
 -3.2517672e-01
  1.0654829e-01
  9.8196246e-02
 -1.0372697e-01
  4.3205324e-01
  1.6340888e-01
  3.3530065e-01
  1.1401588e-01
 -1.4720616e-01
 -3.7983793e-01
 -2.0222479e-02
  6.1816640e-02
 -1.7586628e+00
 -2.4196361e-01
 -1.2364978e-01
  7.4373230e-02
  2.9229308e-02
  3.3807468e-02
  1.7325528e-02
  8.6164080e-02
  1.1078983e-01
 -1.9101590e-02
  1.9768400e-01
  2.0204766e-01
 -5.2930631e-02
  1.2235792e+00
  7.3357649e-02
  4.7569782e-02
  9.1292253e-03
  5.0083056e-02
  1.9125231e-02
  3.9767884e-02
 -1.5975185e-02
  7.0981705e-03
 -8.8169825e-01
  2.1102495e-01
 -6.8924248e-02
  2.4561141e-02
  1.2925398e-01
  8.4844477e-02
  2.8132421e-01
  1.0407622e-01
  1.7687240e-01
 -3.5739586e-02
  3.9816320e-02
 -1.9761082e-02
  4.0659559e-01
  7.8902081e-02
 -8.7698154e-02
 -3.2624479e-02
  2.3993403e-02
  1.2320979e-01
 -3.7267692e-02
  5.7778310e-02
  8.3414666e-02
 -1.8403056e-01
  3.8278848e-02
 -4.0686424e-03
 -5.8844525e-02
 -5.1599290e-02
  2.8165177e-02
 -1.5818690e-01
 -2.5755692e-01
 -2.7362226e-02
 -1.0704028e-01
  2.1735002e-01
 -1.8779454e-01
 -3.9202869e-01
  3.5074051e-02
 -1.7489795e-01
  1.4277795e-01
 -2.5958430e-02
 -4.9196724e-02
 -2.5514560e-02
 -8.1405953e-02
 -6.3681580e-02
 -6.1515033e-02
 -6.4762987e-02
  2.2097549e-01
 -1.4566143e-01
 -1.0287488e-02
 -1.7175522e-02
 -6.7887127e-02
  3.9647635e-02
 -6.7868128e-02
  8.8065108e-03
  2.2155151e-02
 -1.0742258e-01
 -6.3440584e-02
  4.2453784e-02
  1.0623125e-02
 -3.9824083e-02
  1.7885948e-02
 -2.2952789e-02
 -1.0514377e-02
 -1.0981739e-02
  2.6250066e-02
 -4.5425694e-02
  4.3004248e-01
 -1.0508491e+00
  1.7893410e-01
 -4.8699757e-01
 -9.2312384e-01
 -3.0598003e-01
  1.3716367e-01
 -1.0982796e-03
 -5.9939127e-02
 -1.5062584e-01
  1.0651744e-01
  3.1684861e-02
 -3.6119938e-01
  1.0773543e+00
  9.7099632e-02
 -4.4972718e-02
 -1.7846403e-01
  2.2615118e-01
 -3.3973396e-02
 -2.7070704e-01
 -3.8953409e-02
  3.4710604e-01
 -1.0644039e-01
  4.9125496e-01
 -2.5501281e-01
  1.3501209e-01
  1.0423174e-01
  4.9070474e-02
 -6.4621109e-01
 -8.5792130e-01
  9.0250283e-02
 -1.0292000e-01
  2.0391907e-01
 -2.5453237e-01
 -1.2786108e-01
  3.2566184e-01
 -1.1930844e+00
 -5.5372363e-01
 -8.6973137e-01
  1.2329311e-01
 -1.1729906e-01
  2.0385426e-01
 -1.7134979e-01
 -1.4445789e-01
 -7.8032301e-03
 -1.6822217e-01
 -9.4128289e-04
 -5.5148754e-02
 -9.3039691e-02
  7.7222854e-02
 -9.4386734e-02
 -3.9788149e-02
  1.7916773e-01
  4.2660825e-02
 -1.5818617e-01
 -3.2682008e-01
 -1.8581528e-02
 -1.7482767e-02
  2.9230641e-02
 -1.2148582e-02
 -1.8381162e-02
 -1.0938955e-02
 -1.9127699e-02
  3.6042910e-02
  3.7040901e-03
 -2.4667848e-02
  1.1515497e-01
 -6.5108567e-02
  4.5177736e-03
  1.0383166e-01
 -1.1096971e-01
 -5.0822138e-03
 -2.1807519e-01
 -2.3860456e-01
 -1.1506007e-01
 -1.7849650e-02
  1.0266046e-02
 -1.1044204e-02
 -1.8523339e-02
  5.2086640e-02
  3.6593650e-02
  7.0070393e-02
 -6.5063615e-03
  1.6725073e-02
 -2.2900190e-02
 -1.9099426e-02
 -1.0391760e-02
 -6.0455501e-02
 -4.8923198e-02
 -7.6931655e-02
 -3.8813256e-02
 -1.2717063e-02
  1.1016680e-02
  8.9825846e-02
 -2.5404735e-02
  1.0692352e-02
 -8.9145591e-03
 -5.5087000e-02
  1.4174069e-01
  3.7931290e-01
  1.3549987e-02
  1.1948537e-02
 -9.1773413e-02
 -5.0111424e-02
  9.9340864e-02
  4.9882144e-04
 -7.0748270e-02
  6.2009081e-02
 -1.3838547e-02
  3.1927161e-02
 -8.4970975e-03
 -3.9091147e-02
  4.0898591e-02
  2.7991032e-02
  9.4322981e-03
 -1.5180823e-03
  2.4038715e-02
 -1.7177142e-02
 -2.9195746e-02
  2.8524617e-02
  2.0539962e-02
 -2.6006822e-02
 -1.8927604e-02
  3.1776972e-02
  1.6151698e-02
 -1.0875965e-02
 -1.0942107e-02
  1.5237567e-02
  6.6739500e-02
  1.8852081e-02
 -2.3182487e-02
  1.1320911e-01
  1.4481599e-02
 -2.8342435e-02
  2.8122094e-01
  2.5680903e-02
  2.6207146e-01
 -2.0373967e-01
 -1.1725259e-01
 -1.2826820e-01
  1.5680600e-02
 -8.7771257e-03
 -3.8281241e-03
 -4.7794510e-02
  3.0046873e-02
  2.6976556e-02
  1.0361758e-02
  1.1501297e-02
  1.0299711e-03
 -1.7008811e-02
 -5.4633360e-02
 -3.2172754e-02
  9.0024777e-04
 -6.6721715e-02
 -5.8705293e-02
  3.3113468e-02
 -2.2667742e-01
  2.6996532e-02
  5.2938029e-02
 -2.5696409e-01
 -2.4533676e-02
  1.4316517e-02
 -9.3040951e-02
  8.6141318e-02
  1.7072342e-01
 -2.4266321e-02
 -3.4932338e-02
  1.1613081e-01
  5.9199687e-02
  5.0454736e-02
 -2.7803617e-04
 -7.4057080e-02
 -5.4302879e-02
 -1.0716344e-02
  4.9521927e-02
 -1.4582095e-03
 -8.4075280e-02
 -4.4456288e-02
 -1.7419947e-02
 -6.1261300e-05
  2.3658112e-02
 -1.0129109e-02
 -3.0628737e-02
 -5.1059136e-03
  3.3005517e-02
  1.7516676e-02
 -1.8968459e-02
 -1.0545427e-02
  1.8453643e-02
 -1.8006802e-02
 -1.6614314e-02
 -1.1012255e-02
  1.0659296e-02
  7.8182882e-03
  5.3826716e-02
  1.8953675e-02
 -1.6932005e-01
 -1.8396288e-02
 -1.0257094e-02
  1.7580148e-02
  1.5663420e-01
 -7.5227827e-02
  8.3341517e-02
  1.0164898e-01
  9.2470646e-02
 -3.8606953e-02
  1.1019200e-02
  1.0526816e-02
  2.7197566e-02
 -9.7630435e-04
 -2.8009966e-02
  1.0100199e-02
 -2.2973393e-03
  6.2751840e-03
  1.0778672e-02
  6.6020310e-02
  1.0509080e-02
  4.5531947e-02
  3.9782029e-02
  7.8149714e-02
 -5.0337553e-02
  9.5343292e-03
 -4.0255832e-03
 -7.9913311e-02
  6.3910231e-02
  2.8423676e-02
  1.6287239e-02
  5.8818668e-02
 -9.2965581e-02
  1.2377635e-01
  2.4094095e-02
  3.6490694e-02
  9.5325179e-02
  9.5325999e-02
 -2.6603734e-02
  5.4587167e-02
  8.1878878e-02
 -4.6354643e-04
  1.1733779e-01
 -2.4698967e-02
  1.9106332e-02
  2.1494769e-02
 -1.0588159e-02
 -2.4807503e-02
  1.1048442e-02
  2.9632919e-03
  1.9079726e-02
  8.9510791e-03
 -7.9691028e-03
 -2.5963504e-02
 -1.0944984e-02
  1.9041263e-02
  1.1142370e-02
 -3.3087149e-02
 -4.5212232e-02
  2.3490454e-03
  2.2087242e-04
 -1.2137112e-01
  1.0126927e-02
 -2.0730372e-03
 -3.7608577e-03
  3.6247662e-01
  3.5743800e-03
 -1.9030835e-02
 -1.3165758e-02
  2.1994906e-02
 -2.7015968e-03
  7.2061807e-01
  1.8639855e-02
  1.7979652e-02
 -7.3402070e-02
 -2.1564245e-01
 -9.5436648e-03
  1.0047344e-02
  1.0602103e-02
 -1.3321354e-02
 -1.5623750e-02
 -2.2987112e-02
  1.6403796e-01
  2.6911250e-03
 -3.4242965e-02
 -3.3145439e-02
 -6.3544493e-03
  1.0780034e-02
  1.3916996e-02
 -1.0617594e-02
 -3.5528193e-04
 -2.3356425e-02
 -1.0200985e-02
  2.2703437e-02
  1.6738659e-02
  2.3723335e-03
  1.9105131e-02
 -1.7196324e-02
 -4.1835424e-02
 -7.7219699e-03
 -2.4108568e-02
  2.5388381e-02
 -9.8290332e-03
  8.8658119e-03
 -8.1391691e-04
  1.8529108e-02
  3.2714962e-03
  2.9377168e-04
 -1.0778926e-02
  1.8215381e-02
  1.0773552e-02
 -9.5587466e-03
 -1.0769337e-02
 -8.4671965e-03
 -9.1975676e-03
  6.6626053e-03
  5.4320642e-03
 -1.0343620e-02
 -1.3890448e-02
  2.2928561e-03
  1.0967153e-02
  1.1002015e-02
 -2.9600250e-02
 -5.9676548e-03
  8.0401171e-03
  2.6023146e-02
 -1.1019910e-02
 -7.8792740e-03
 -8.5632165e-04
  8.0143493e-01
 -3.3233932e-01
 -1.2803970e-02
  1.2172933e+00
  1.2763931e+00
 -3.3601958e-01
 -1.2956820e-01
  1.1281195e-01
  2.4329969e-01
 -2.5945071e-02
  3.0102151e-02
 -2.8617153e-01
 -6.1353292e-02
 -4.9495777e-01
  1.6274470e-01
  2.4648450e-02
 -1.0451450e-01
 -1.1778492e+00
  7.1149492e-01
  8.3547100e-02
  2.8659201e-01
 -1.7222720e-01
  1.0791092e+00
 -1.8008411e-01
 -2.3697950e-01
 -1.3339640e-01
 -1.1741471e-01
  4.6275067e-01
  1.8703708e-02
 -1.0827932e-01
  3.0598450e-01
  3.4778687e-01
  1.9034785e-01
  8.6135112e-02
 -3.1629878e-01
  7.5377055e-02
  1.2647035e+00
  3.9636293e-01
  1.0623064e+00
 -2.3130443e-02
  4.3463562e-02
 -5.1767713e-01
 -4.2401588e-01
  2.8391296e-01
 -2.6670823e-01
 -1.1873142e-01
  4.4249088e-01
  1.8788323e-01
  3.6180727e-02
 -4.8371211e-02
  1.9134572e-02
  5.2699663e-02
 -1.7789120e-03
 -4.2769920e-02
  1.7422031e-01
  2.5977492e-02
 -2.4088556e-02
 -4.2583808e-02
 -5.9080031e-02
  5.2864958e-02
 -1.0493536e-02
  1.0447791e-02
 -4.4700060e-02
  8.6167790e-02
  5.0220232e-02
 -4.4618002e-01
 -2.2576983e+00
  8.4358567e-01
 -1.7984235e-01
  5.5146456e-01
  4.7713846e-01
 -1.6976141e+00
  9.2416584e-01
  9.5315945e-01
  2.9077723e+00
 -2.3593843e-01
 -5.3946381e+00
 -3.8858843e-01
  1.7047481e-01
  5.3730458e-01
 -3.9568374e-01
  3.0469820e-01
  1.9339370e+00
  7.5093794e-01
 -1.5506920e-01
 -2.5363564e-01
 -4.3791378e-01
  6.9404376e-01
  2.2649152e+00
  1.1285012e+00
  3.5608235e-01
  2.1898782e+00
 -2.5837664e-02
 -1.8385327e+00
 -8.7388062e-01
  3.9748859e-02
  2.9819465e-01
  8.6605257e-01
 -7.2203690e-01
  5.7949573e-01
  6.4138293e-01
 -3.8679868e-01
 -3.4945324e-01
  4.2141029e-01
 -1.8780270e-01
  4.7960573e-01
  1.5235186e-01
  1.0062670e+00
 -6.8039536e-02
  9.3449277e-01
 -3.8781294e-01
 -1.1191268e+00
  1.6421856e-01
  2.4599357e-02
 -6.7121983e-01
 -6.9832695e-01
  2.8862774e-01
 -5.3497785e-01
  2.2010292e-01
  3.0794492e-01
  2.2081885e+00
  4.4675139e-01
 -1.0665196e-02
  4.9900851e-01
  9.1776088e-02
  1.3394789e-01
  4.6929085e-01
  5.2773390e-02
 -5.4451746e-01
  8.0444627e-02
 -8.3370432e-02
 -4.9604762e-01
  3.3052835e-01
 -1.9744234e-02
  8.5355067e-01
  1.7847055e-01
 -3.0313518e-03
 -3.8572535e-01
 -3.3448124e-01
 -2.5120059e-01
  5.2563719e-02
  2.4102759e-02
  1.0632282e-02
 -2.9786414e-02
  5.2315552e-02
  6.8584912e-02
  4.2714968e-02
  3.0238228e-02
 -4.8037417e-02
 -6.4951785e-02
  9.4025604e-02
 -1.8516975e-02
 -8.1906572e-02
 -8.9039735e-02
 -1.3301082e-01
 -3.8915567e-02
 -3.5898872e-02
  1.4654792e-02
  9.9198401e-02
  7.3874640e-01
 -3.2708874e-01
 -4.9716707e-02
 -1.2246470e-01
  1.4100347e-01
  4.0004268e-01
  6.3396594e-03
  6.3170023e-02
  1.8948476e-01
 -6.8140075e-02
  3.9573610e-02
 -1.6673009e-01
 -1.2929010e-01
  2.2923972e-02
 -1.8276547e-01
  2.6154680e-02
 -7.0739098e-02
 -1.0389908e-01
  1.0870052e-01
  5.6689880e-03
  2.3921790e-02
 -1.1041187e-02
  2.4278764e-02
 -1.8886279e-02
  3.6641710e-02
  3.9654963e-02
  9.0739354e-03
 -2.7054625e-02
 -6.7788824e-03
  2.6884945e-02
  5.6120705e-02
  9.9342782e-03
  2.3878638e-02
 -2.8970275e-02
 -1.2754951e-02
  1.0780058e-02
 -6.0036796e-01
 -5.4354560e-01
 -2.5827461e-01
 -1.0703149e-01
 -1.0805945e+00
 -1.5114413e+00
  7.7645433e-01
 -2.9842610e+00
  8.1312943e-01
 -7.8054446e-01
  2.7351701e-01
 -1.1193621e+00
  2.9519858e-02
 -9.0157056e-01
 -8.6775792e-01
  7.1457011e-01
 -5.2626038e-01
 -3.8099980e-01
 -5.9998775e-01
 -9.6728295e-01
  6.1353542e-02
 -2.4696851e-01
  1.3782251e+00
 -1.1968684e+00
 -5.1026773e-01
 -8.1865746e-01
 -2.2689898e+00
 -1.2668040e+00
  7.4615210e-01
 -2.4766548e+00
 -6.3174230e-01
 -1.5028862e+00
 -9.2879599e-01
 -2.4064985e-01
  3.7575667e-03
 -1.3636283e+00
 -5.5597222e-01
  7.6471172e-02
 -1.0423759e+00
 -6.2818986e-01
 -4.5366445e-01
 -2.9041043e-01
 -1.3328701e+00
 -4.9440098e-01
 -9.0026662e-02
  6.0080028e-01
 -1.2050954e+00
 -2.4330251e-01
 -8.3321378e-02
  4.2369861e-02
  4.2789876e-02
 -1.0749599e-01
 -1.3024440e-01
 -2.6094586e-01
  7.8055680e-02
  1.3718635e-01
 -1.4362821e-01
 -3.2861203e-02
 -2.3971660e-01
  1.3291861e-01
 -5.9495065e-02
 -9.8177999e-02
 -1.9901215e-01
  7.8543723e-02
 -3.3652034e-01
  2.4156685e-01
  1.0675150e+00
  3.8000453e-01
  8.7325859e-01
 -1.1493062e+00
 -2.0385244e+00
 -2.8654368e+00
  1.8541483e+00
 -3.1916207e-01
  4.9512923e-01
  4.3817538e-01
  2.0195272e+00
  9.6107560e-01
  3.8715488e-01
  3.2456672e-01
  9.8961014e-01
  1.7287633e+00
 -2.6676443e-01
  5.1714087e-01
 -1.2005142e+00
 -5.0489032e-01
  2.1867687e-01
 -7.2082084e-01
 -1.3368914e-01
  1.6940234e+00
  1.1931719e+00
  9.2267096e-01
 -5.3274926e-02
  1.9256746e+00
 -8.2703912e-01
 -3.1264737e-01
  1.6268740e+00
  1.9311340e+00
  5.7449841e-01
 -3.2044919e+00
  3.2547358e-01
  4.5497645e-02
 -4.9224608e-02
  1.1160723e+00
 -6.2620687e-01
 -1.8821537e-01
  8.5229766e-01
  4.2142767e-01
  1.4163085e+00
  1.4031101e+00
 -6.5971178e-01
  5.8630530e-02
  6.3938522e-01
  1.4430225e-02
  2.1350779e-01
  4.1382656e-01
  2.4768987e-01
  1.4117710e-01
  1.6195743e-01
 -6.1239921e-02
  1.1285309e-01
 -5.2208644e-01
  2.2663812e-01
  4.3375847e-01
  6.7125618e-02
 -6.5278597e-02
 -3.7176755e-01
  5.5604655e-01
 -2.3764561e-01
 -2.4524920e-01
  6.4300120e-01
  8.0259807e-02
  1.3958435e-01
  1.6119279e-01
 -1.3037374e+00
  3.5198116e-01
  9.7778924e-02
 -4.2944643e-01
 -8.9446181e-01
 -1.6481487e+00
 -1.8138574e-02
  1.6186789e-01
 -1.1690933e+00
  2.1825233e+00
 -7.2857887e-02
  1.3245647e-01
  6.2300175e-02
 -8.9061283e-02
 -3.7688237e-01
  6.1787522e-01
  1.2897767e+00
 -1.6560597e-02
 -6.5740502e-01
 -4.4667682e-01
  7.0587188e-02
 -2.9136760e-02
 -3.0455725e+00
  1.7659730e+00
  1.9746989e-02
 -1.5925218e+00
 -1.3794705e+00
 -2.6579776e-01
 -4.0682408e-01
 -2.2269949e-01
  3.3077851e-02
  3.2406379e-02
 -3.2656649e-01
  3.8158059e+00
  4.3113670e+00
  1.5510635e+00
 -2.8311205e-01
  1.6060331e+00
 -2.7314386e-01
  2.9668756e+00
  1.2295693e+00
  1.8955033e-01
 -6.0058975e-01
  1.3920965e+00
  1.3166946e+00
 -1.8288690e+00
 -5.6594270e-01
 -9.9970736e-03
  6.9480610e-01
  2.5140680e-02
  1.0303314e+00
 -2.3943692e-01
  8.6601533e-02
  1.3124089e-01
 -2.1831195e-01
  6.7339860e-02
 -1.9136306e-02
 -4.9050253e-02
 -9.6350557e-01
  1.1053888e-01
 -3.2667450e-03
  6.2115544e-01
  2.4464794e-01
 -1.3343027e+00
  3.0833003e-01
  1.6570159e+00
  2.6075497e-01
  5.2842838e-01
 -3.0677325e-01
 -3.3591640e-01
  6.9661479e+00
  4.4708591e-02
  2.9026625e-01
  3.0800936e-01
 -2.4334894e-01
  2.0212865e-01
 -5.5293429e-01
 -5.0951838e-01
 -8.6910433e-01
 -3.5852370e+00
  2.4942137e-01
 -7.8280151e-01
  2.2732074e+00
 -1.0598132e-01
 -4.8575129e-02
 -4.4925502e-01
 -7.2572690e-01
  7.4250728e-02
 -2.7415767e-01
  9.1633916e-02
  4.9418220e-01
  3.1510267e-01
 -1.8996658e-02
 -3.1542605e-01
 -2.1521609e+00
  1.6625091e+00
  4.5129144e-01
  4.7033414e-01
  1.3083072e-01
  1.4431885e+00
 -6.6318583e-01
 -4.3558642e-02
  3.6429554e-01
  7.1215761e-01
 -1.0480952e+00
 -7.4755973e-01
 -2.6828265e-03
  1.0024416e-01
  3.2979444e-01
 -2.3242550e-01
 -7.7310577e-02
 -3.4190369e-01
  1.5355856e+00
  2.8100607e-01
 -2.5714841e-01
 -1.2424430e+00
 -3.6641543e+00
 -4.9172308e-02
  1.2927651e+00
  1.0571102e+00
  7.2370611e-02
 -1.1622242e-02
 -3.9012749e+00
 -3.6681086e-01
  2.0552266e-02
  1.9851283e+00
  2.7635419e+00
  1.0003859e-01
  1.1678404e-01
  1.0749684e-02
  1.8264789e-02
  2.5350538e-03
  6.7361265e-02
 -3.7422199e+00
  2.3512120e+00
 -4.2587242e-01
 -7.3431753e-02
 -1.1825974e+00
  5.5745816e-01
  7.6008594e-01
  2.7093714e-01
  4.4005610e-02
 -2.0478688e-01
 -2.8746530e-01
  7.5669450e-01
  5.0804240e-01
 -9.6020675e-01
  5.6844763e-03
  4.1377357e-01
 -8.8201992e-02
  6.7163354e-01
  1.1613288e+00
 -2.2115892e-01
  5.2026547e-03
 -1.6282609e-01
  6.6908228e-01
  3.7545003e-02
 -2.1536165e-01
 -8.4555969e-02
 -6.5522939e-02
 -2.3393376e+00
 -1.8554661e-01
  4.2279893e-01
 -9.8731107e-01
  1.8366641e-01
 -1.5292169e-01
  4.2723913e-02
 -1.1038057e+00
 -2.2997367e-01
  9.8118268e-02
  1.1842749e+00
  1.1464382e-01
  1.6118348e-01
 -1.1992688e+00
  5.2928978e-01
 -2.7683201e-01
 -7.2787583e-01
  1.5303826e-01
  5.7467771e-01
 -4.4307902e-01
 -5.5671409e-02
 -1.5938619e-01
 -5.4614741e-01
 -2.5525305e-02
 -2.9961726e-01
  1.9631630e-01
  3.9379680e-01
 -6.2524997e-02
 -4.4082504e-02
  5.2123543e-02
  1.2022623e-02
 -2.6692033e-01
 -1.3057536e+00
 -7.6162264e-02
 -6.8137074e-01
  9.7067422e-01
  5.9694853e+00
 -8.5187536e-01
 -2.0813227e+00
 -1.5665091e+00
 -1.0267709e+00
  1.0377781e+00
  1.4422187e+00
  6.3684332e-01
 -1.8539615e+00
  2.0520213e+00
  6.1896640e-01
  1.0512226e+00
  2.2486477e+00
 -4.1529441e+00
 -2.4350436e+00
 -1.8173625e+00
 -3.9037483e+00
 -1.0127920e+00
  1.3027699e+00
 -7.2508561e-03
 -1.4944364e+00
 -3.9632225e-01
 -1.3925234e-02
 -7.1859580e-01
  1.6218028e+00
 -3.2555933e+00
 -1.7697923e+00
  9.1723198e-01
  9.4334126e-01
 -1.7737553e+00
  8.1055218e-01
  1.0455045e+00
 -5.8488518e-02
  8.1324711e-02
 -4.7976977e-01
 -1.2140052e+00
  5.7122064e-01
  1.2388630e+00
  1.4949149e+00
  1.3216951e+00
  2.8489542e-01
 -9.2719758e-01
 -5.6558019e-01
 -3.4957817e-01
 -1.2067199e+00
  8.9055276e-01
 -1.2896746e+00
 -3.8812435e-01
  6.7142393e-03
 -2.5418897e+00
 -6.0048944e-01
 -2.7525477e+00
  1.1939156e-01
 -2.7016644e+00
  1.0872616e-01
 -2.5164425e+00
 -4.0017748e-01
  4.3347025e+00
 -1.6685655e+00
  1.6132413e+00
  2.6099533e-01
  1.2286469e+00
  5.8591568e-01
  2.4382071e+00
 -1.3517567e+00
 -2.6435988e+00
 -1.1554031e+00
  1.1278270e-01
 -2.6134455e-01
  3.6211169e-01
  1.3168216e-01
 -1.7542150e+00
  5.6196725e-01
 -4.6654008e-03
 -2.2050431e+00
  8.8355619e-01
 -1.0599433e+00
 -2.0734277e+00
  6.4832568e-01
  5.6987345e-02
 -3.1449528e+00
  1.8039978e+00
 -1.0715560e-01
 -1.7903660e-01
  2.0273044e+00
 -2.5574341e-01
 -1.0988066e+00
  1.2323208e+00
  1.2984808e-01
 -8.5087115e-01
  8.4382129e-01
  1.0179387e+00
 -1.9669735e-01
  7.8963810e-01
  9.3045592e-01
 -1.1247507e+00
 -2.2363898e-01
  7.9233581e-01
  1.4352325e+00
  1.3342562e-01
 -2.4529653e+00
  6.9950461e-01
 -6.7722988e-01
  4.1394286e+00
  3.0409744e-01
 -1.1961546e+00
 -1.4071733e-02
 -3.3893690e-01
 -2.4207778e-01
  6.5343457e-01
  1.6440020e+00
  1.2032017e+00
 -1.1008089e+00
 -1.3406945e+00
 -1.6489456e+00
  1.6253778e+00
  1.4266100e+00
 -2.6957765e+00
  1.8836184e+00
  5.5263191e-01
 -2.9654258e-01
 -1.6029356e+00
 -1.2367491e-01
 -3.0760815e+00
  6.5398693e-01
 -2.1369734e+00
 -6.9619757e-01
  7.0802879e-01
 -8.5545796e-01
 -2.6682901e-01
  4.5899400e-01
  8.5744470e-01
  2.0483253e+00
 -4.7682753e+00
  2.6254171e-01
  1.2297644e-01
  4.2459100e-01
 -1.6926377e-01
 -1.2210884e-01
  4.4217539e-01
  2.2569059e-01
 -4.5878334e+00
 -3.7619109e+00
  1.8714899e-01
 -1.8009026e-02
 -2.1360292e+00
  1.6474891e+00
  4.4544402e-01
 -4.7209287e-01
 -6.3126427e-01
 -5.6867337e-01
 -1.0164225e+00
 -8.1761897e-01
  2.5567164e+00
 -8.2479316e-01
 -1.4285551e-01
  1.2354816e+00
  1.0888169e+00
  7.8778505e-01
  2.8728547e+00
  1.2025656e+00
 -3.3727214e+00
 -7.7971452e-01
 -4.0922022e-01
  1.8449832e+00
  2.7659590e+00
  7.2257227e-01
 -6.3362330e-02
  5.1803154e-01
 -2.0110681e+00
  2.4496319e+00
  9.2701626e-01
 -3.9169699e-01
 -9.5041740e-01
  1.1161352e+00
 -6.6934711e-01
 -4.9933761e-01
 -2.1709528e+00
  2.7901673e+00
 -1.0045058e+00
 -1.9791206e+00
 -1.9535828e-01
  1.9281684e+00
  2.1501353e+00
 -6.8502508e-02
 -1.0375409e+00
  5.0188723e+00
  1.1137050e+00
  2.0296158e-01
  1.1608224e+00
 -3.4730709e+00
  5.1619714e-01
  3.0332315e-01
 -9.4824564e-01
  9.4562274e-01
 -4.7723236e+00
  7.2500116e-01
 -6.6791457e-01
  1.9873973e+00
  2.4863396e+00
 -2.2471225e+00
 -2.3727560e+00
  1.5884967e-01
  1.5618335e-02
  1.5618335e-02
  1.5618335e-02
  1.5618335e-02
  1.5618335e-02
  1.5618335e-02
  1.5618335e-02
  1.5618335e-02
  1.5618335e-02
  1.5618335e-02
  1.5618335e-02
  4.9694210e-02
  4.9694210e-02
  4.9694210e-02
  4.9694210e-02
  4.9694210e-02
  4.9694210e-02
  4.9694210e-02
  4.9694210e-02
  4.9694210e-02
  1.8851576e-02
  1.8851576e-02
  1.8851576e-02
  1.8851576e-02
  1.8851576e-02
  1.8851576e-02
  1.8851576e-02
  1.8851576e-02
  1.8851576e-02
  1.1165326e-02
  1.1165326e-02
  1.1165326e-02
  1.1165326e-02
  1.1165326e-02
  1.1165326e-02
  1.1165326e-02
  1.1165326e-02
  1.1165326e-02
  9.0628890e-03
  9.0628890e-03
  9.0628890e-03
  9.0628890e-03
  9.0628890e-03
  9.0628890e-03
  9.0628890e-03
  9.0628890e-03
  9.0628890e-03
  7.1403356e-03
  7.1403356e-03
  7.1403356e-03
  7.1403356e-03
  7.1403356e-03
  7.1403356e-03
  7.1403356e-03
  7.1403356e-03
  7.1403356e-03
  5.2918172e-03
  5.2918172e-03
  5.2918172e-03
  5.2918172e-03
  5.2918172e-03
  5.2918172e-03
  5.2918172e-03
  5.2918172e-03
  5.2918172e-03
