nep4 1 C
cutoff 4.2 3.7 83 59
n_max 10 8
basis_size 10 8
l_max 4 2 1
ANN 100 0
  2.2910260e-01
 -9.7396111e-01
  1.8087956e-01
  1.8529400e-01
 -8.2206160e-01
  2.3068745e-01
 -5.8701575e-01
 -6.8923718e-01
 -1.8200952e-01
  7.8592891e-01
  2.3286879e-01
 -1.1861086e-01
  4.5229855e-01
 -8.7450647e-01
 -7.1984786e-01
  1.7512448e-01
 -1.0743356e-02
 -8.4175363e-02
  3.3811927e-01
  2.3024003e-03
 -1.5635830e+00
 -4.5957863e-03
 -5.7795644e-01
 -2.4368967e-01
  1.2932158e-01
 -3.8645491e-01
 -3.9119422e-01
 -7.3867625e-01
 -8.6830521e-01
 -2.9089072e-01
 -5.1659340e-01
 -6.7208612e-01
  2.3299480e-02
 -8.9997536e-01
  5.7850137e-02
  3.8230315e-01
 -1.3671245e-01
 -1.5096882e-01
  1.1240623e+00
 -4.8193115e-01
 -1.7191727e-02
 -4.3947050e-01
  5.0996172e-01
 -1.2367593e-01
  1.1922804e-01
  3.2280400e-02
  4.8310500e-01
 -1.8555351e-01
  1.4473100e-01
  3.1091797e-01
 -3.1141592e-02
 -3.2315560e-02
  1.6095279e-01
 -1.1950258e-02
 -4.3238795e-01
  1.0295826e-01
  1.2434497e-01
  2.2649743e-01
  1.1647239e-01
  9.0982303e-02
  7.2888464e-02
 -1.0059224e-02
  1.1452337e-01
 -2.3752179e-02
  6.4597659e-02
  3.0673006e-01
 -8.5448700e-01
 -4.5378789e-01
  5.5690908e-01
  5.4607379e-01
 -3.2127184e-01
  3.8194147e-01
 -5.8136898e-01
 -4.6695847e-02
 -6.6299337e-01
  4.4051558e-01
  7.7368051e-01
  1.0233309e+00
 -2.9228094e-01
 -3.9155430e-01
 -1.8597141e-01
  2.3732565e-01
  5.9985423e-01
  1.6303645e-01
  3.3540583e-01
 -2.4865212e-01
  1.0231446e+00
 -1.6079438e-01
 -1.7011644e-02
  3.4340695e-01
  5.2048248e-01
 -6.3422695e-02
 -7.5382543e-01
  8.5936002e-02
 -5.5831498e-01
  6.6491741e-01
  6.9228068e-02
  5.2171373e-01
  5.7415462e-01
  1.3103405e-01
 -6.0102391e-01
  4.4830486e-01
  3.3910546e-01
  3.2947063e-01
  7.3510087e-01
 -4.6995741e-01
  2.7412292e-01
  1.2072743e-01
  1.1824408e+00
  1.8153833e-01
 -5.0322168e-02
  3.7422767e-01
 -6.7117739e-01
  1.0014206e-01
  1.6573308e-01
 -1.5917760e-03
  3.5692537e-03
 -8.4510565e-02
  4.6797231e-02
 -5.0842661e-01
 -7.4183911e-02
 -3.6355069e-01
  2.4204771e-01
 -5.5316221e-02
 -3.8350311e-01
  3.1615559e-02
 -1.1884245e-01
  3.6012106e-02
  2.9818577e-01
  6.7138605e-02
 -2.3017874e-01
 -2.1664844e+00
 -1.6348466e-01
 -7.6338506e-01
  1.8095790e+00
 -3.8025883e-01
  1.7509729e+00
  3.7993837e-02
 -1.0696305e+00
  1.3622001e+00
  4.5444962e-01
 -6.5771782e-01
 -7.4271999e-02
 -4.9306348e-01
  5.3968927e-04
  1.6715539e-01
 -1.2572310e+00
  3.7503940e-01
  1.2287982e-01
  2.5825253e-01
 -6.0728270e-01
 -9.8498456e-02
  2.7242649e-01
 -2.9876894e-01
 -4.2442751e-01
 -1.3378115e-01
 -1.5068254e-01
 -5.9704173e-01
  2.3545331e-01
  5.5482274e-01
 -5.3037423e-01
 -9.3725109e-01
 -2.1108906e+00
 -2.1945657e-01
  4.2892739e-01
 -3.7097102e-01
 -2.8930342e-01
  1.7917280e+00
  4.0403768e-01
 -4.4771513e-01
  3.9677873e-01
 -1.5378513e+00
  7.6440620e-01
  6.2512618e-01
  6.1233050e-01
 -1.0770203e+00
  4.0347072e-01
 -3.3515540e-01
 -2.3121580e-01
  3.5939896e-01
 -2.4084019e-02
 -3.6969301e-01
 -1.5687278e-01
 -4.5692402e-01
 -3.5714731e-01
 -1.0855170e-01
 -3.8111755e-01
  1.5733868e-01
  3.9913872e-01
  2.2140492e-01
  1.0864399e-01
 -1.2661918e-01
  9.1452144e-02
  3.6899779e-02
  8.8794902e-02
 -5.8291454e-02
 -4.7384873e-02
  4.4018218e-01
  3.4178272e-01
  3.8290757e-01
 -1.3157506e-01
 -7.0446855e-01
 -1.0963899e+00
 -2.1222744e+00
  9.4466710e-01
  3.8062729e-02
 -8.8939685e-01
  1.5008394e+00
 -4.2128819e-01
  1.1130925e-01
  2.3961069e-01
 -1.7720543e-01
  3.1339353e-01
 -6.7931443e-01
  7.3575306e-01
  1.1053689e+00
 -9.2863125e-01
 -2.7661949e-01
  2.5665903e-01
 -6.0768741e-01
 -6.9566208e-01
 -6.8509322e-01
  1.1345917e+00
 -2.3002303e-01
  1.3909582e+00
  5.5082405e-01
 -1.5641011e-01
  1.1218508e+00
 -2.7069917e-01
 -2.5798625e-01
  3.6603925e-01
 -3.1551260e-01
  3.8689274e-01
 -3.2197332e-01
  4.4199914e-01
  7.8225166e-01
 -7.7682778e-02
  7.3329306e-01
  1.0730668e-01
  6.3191456e-01
  5.0863284e-01
  5.3740692e-01
 -7.3505364e-02
  2.3777839e-02
  3.0178612e-01
 -2.3596086e-01
 -4.5386158e-02
 -4.0423363e-02
 -4.8154098e-01
 -2.9664263e-01
 -1.3883846e-01
 -1.8554415e-01
  1.6177621e-01
  1.3356091e-01
 -2.2386461e-01
 -1.5410174e-01
 -6.9034390e-02
 -2.1291692e-02
  5.6559809e-02
  1.0264792e-01
  8.4740140e-02
 -9.8551093e-03
  3.8120034e-01
  1.1190004e-02
 -6.0270679e-01
  1.3473513e+00
 -2.0245904e-01
 -1.2972537e+00
  4.4720805e-01
  3.8232954e+00
  3.0564052e-01
  1.3406229e+00
 -5.4104376e-01
 -1.0845016e+00
 -5.6794041e-01
 -1.3949452e-01
 -2.6729107e-01
  1.8742655e-01
  3.8474458e-01
 -3.7760055e-01
  9.5528746e-01
 -3.7984353e-01
 -9.7869396e-01
 -8.7447619e-01
 -5.0773776e-01
 -5.0834632e-01
  3.3170342e-02
 -3.7841833e-01
 -2.6738536e-01
 -8.0744040e-01
 -1.3111755e+00
 -1.0048833e+00
 -2.2163558e-01
  1.1834350e+00
 -6.7596340e-01
 -6.4859442e-02
 -2.4463697e-01
 -2.0870049e-02
  4.8929653e-01
  2.4289548e-01
 -6.8457115e-01
 -4.1554883e-02
 -4.8243940e-01
  4.6059358e-01
 -3.7380695e-01
 -4.5612833e-01
 -1.6816129e-01
  1.6054463e-01
  4.0114799e-01
  3.5826065e-02
  2.8690970e-01
  1.3643178e-01
 -6.3012101e-02
 -1.8396771e-01
 -6.8535022e-02
 -1.0019375e-01
  2.7887511e-01
 -6.6332966e-02
  6.9897071e-02
  2.7389079e-02
  2.3024860e-01
  2.2103369e-02
  5.0783597e-02
 -2.2194457e-04
  1.4259876e-02
 -3.9558043e-03
  2.2086883e-03
 -2.0033466e-02
 -1.1672076e-02
 -1.6777381e-02
 -3.7986435e-02
 -3.1502638e-02
 -6.7711892e-03
  1.4727399e-01
 -4.5559905e-02
 -3.1121147e-03
  1.4871009e-02
  1.2075691e-03
  1.7153770e-02
 -8.9195156e-03
  1.0576305e-02
  1.8668023e-03
 -5.1498778e-02
 -1.8691516e-02
 -5.6291665e-03
  2.5391785e-02
  1.7701639e-02
 -1.8493261e-02
 -1.3174273e-02
  1.7137649e-02
 -3.6416043e-02
  7.2745401e-03
  3.5455413e-02
  2.4729243e-02
 -4.6363561e-03
 -2.1576831e-02
  2.7907265e-03
  5.5143759e-02
 -2.1447269e-02
 -4.1326791e-02
 -4.8210789e-02
 -1.2527770e-02
 -2.4905756e-02
 -2.1813712e-03
 -7.0483400e-03
 -2.4570905e-01
  6.0311994e-03
 -4.8064562e-03
 -3.9585508e-02
  1.0931520e-02
  1.5342630e-02
  2.9534394e-02
 -3.8309728e-03
 -3.2090654e-03
  9.4008567e-03
 -6.7059738e-03
 -3.9927238e-03
 -1.5330316e-02
 -2.3943665e-02
 -3.7458441e-03
  1.7919496e-02
 -7.6836771e-03
  1.4060465e-02
 -2.7844650e-01
  2.6009647e-02
  2.0454831e-02
  8.6882859e-03
 -1.1759453e-02
 -1.2029869e-02
 -3.4881746e-03
 -2.8895190e-01
  2.0523137e-01
  1.4011688e+00
  1.3192311e-01
 -2.3965544e-01
  1.7885010e-01
 -1.1834660e-01
 -4.7201636e-01
  5.2364337e-01
 -2.3058157e+00
  1.2953664e-01
  4.0244925e-01
  2.3465727e-01
 -9.2833263e-01
  3.1970099e-01
  4.8824802e-01
 -8.7412745e-01
  7.0349503e-01
 -1.9964404e+00
  1.5514946e-03
  1.1155156e-01
  1.4452584e+00
 -1.3980184e+00
  4.1786447e-01
  3.3327809e-01
 -5.0846225e-01
  1.5686599e+00
  1.9486853e-01
 -5.0205433e-01
 -1.4914074e+00
 -1.3404940e-01
 -7.5856251e-01
 -2.2106643e+00
  1.0961684e+00
 -2.6246086e-01
 -6.3862717e-01
 -3.7592649e-01
  8.4296334e-01
 -3.7643738e-02
  1.0504472e+00
  3.4656194e-01
  3.0496019e-01
 -5.5204773e-01
  4.2844447e-01
 -2.4407153e+00
 -5.6913817e-01
 -1.7982360e+00
 -6.0478407e-01
  9.1654485e-01
 -3.0545187e-01
  1.4099871e-01
  2.7444839e-01
  2.1494369e-01
  3.8735148e-01
  4.9113569e-01
  1.2854479e-01
  8.3799565e-01
  5.9931180e-03
  7.8572929e-01
 -6.1676871e-02
  4.4863564e-01
 -4.1122425e-02
  2.4327110e-02
  1.7174718e-01
  1.0625219e-01
 -1.6104298e-02
 -1.8790474e-02
  8.1566749e-03
  2.2455404e-02
  3.0514828e-03
  3.0045489e-02
  5.5992786e-02
  1.2539134e-02
 -4.1632328e-02
  1.0437785e-01
  1.0126363e-02
 -2.2666952e-02
 -4.3488137e-04
 -1.5630689e-02
  3.7071565e-03
  5.7540545e-03
  1.3120362e-02
  4.0130980e-02
 -5.5951243e-03
  7.7451700e-03
 -2.8149746e-02
  2.3876561e-03
 -1.2510510e-02
 -1.2503806e-02
 -3.0125877e-02
  3.4380350e-02
  7.4738911e-03
 -5.2930925e-02
 -1.3515428e-02
 -2.4406191e-02
  5.2856512e-02
 -3.1609878e-02
 -4.4461083e-02
  5.1540378e-02
  2.3879826e-02
  4.2133279e-02
 -4.3770965e-02
  5.0222524e-02
 -3.2974679e-02
 -1.6407877e-02
 -2.2708660e-03
  6.9802268e-03
 -2.8231343e-02
  6.4386956e-02
 -1.5968561e-02
 -2.6043592e-02
 -6.6933725e-03
  2.2476463e-02
  2.7267763e-03
  2.5555827e-03
 -9.9588418e-04
  5.3997398e-03
  8.0646621e-03
  1.2165667e-02
  2.0921658e-04
  5.9564067e-03
  1.2390477e-02
  4.9848924e-04
  4.8781442e-04
 -1.8676374e-02
 -3.4406792e-02
 -1.1979134e-02
  1.9110106e-02
  5.5070822e-03
 -5.8543715e-03
 -4.7668327e-02
  3.6874253e-02
  2.6702039e-02
  3.7540201e-02
  2.5589416e-02
  5.7633933e-02
  1.2898335e-01
  2.5960036e-02
 -6.0572550e-02
  2.4644148e-01
  6.4666979e-02
 -9.8356858e-02
  3.2487635e-02
 -2.8318783e-02
  7.6040477e-02
  5.1043313e-02
  2.5528073e-02
  9.7585149e-02
  1.7666523e-03
  1.3149433e-02
 -1.7898323e-01
  3.6911428e-02
 -1.1229907e-01
 -7.6265648e-02
 -4.0429287e-02
  1.2380806e-01
 -1.5206104e-02
 -3.0371284e-02
  3.1085743e-03
 -1.3820646e-02
  1.9976739e-02
 -6.3080624e-02
 -2.7995951e-02
  2.3559579e-01
  1.3800350e-01
  3.4582460e-01
 -3.8497545e-02
  6.7136772e-02
  5.9067462e-02
 -8.0032893e-02
 -9.5321886e-02
 -4.3847997e-02
 -3.1771816e-02
  2.2550498e-01
 -1.0109119e-01
 -6.0642123e-02
 -2.3808967e-02
  8.1646472e-02
 -5.7171535e-04
 -1.4200566e-02
  1.4819306e-02
  1.7617788e-02
  1.7230012e-02
  9.1861427e-02
 -9.7229169e-04
  3.6553412e-03
  2.6132463e-02
  1.2978886e-02
  5.7253018e-03
 -3.6159500e-02
 -7.7413850e-02
 -4.2909164e-02
  3.3365551e-02
 -1.8015812e-03
  2.4456959e-04
 -6.0828917e-02
 -9.3505561e-02
  1.4151461e-01
  1.8805309e-01
 -2.0201834e-01
 -2.3428774e-02
 -4.4902693e-02
 -8.9039110e-02
 -7.7918217e-02
  7.1262956e-02
  6.8401985e-02
  2.8106064e-01
 -1.5155406e-01
 -4.4220176e-01
  2.0011851e-01
  1.5035011e-01
  1.3488214e-01
  8.9192308e-02
  5.1223004e-04
  7.1027853e-02
 -1.8105073e-01
 -8.8936351e-02
 -5.4610468e-02
  1.1588140e-02
 -9.4577067e-02
  7.3094152e-02
  5.5470850e-02
 -1.9918968e-01
  2.8727328e-02
 -2.6703215e-01
  2.7235714e-01
 -1.6270215e-02
 -9.2339940e-02
 -1.2545064e-01
  1.3956016e-01
  6.1683603e-02
  1.3783795e-01
  6.2517196e-02
  2.4577661e-01
  9.0346426e-02
 -1.4097488e-01
 -2.4444900e-02
 -1.7336129e-01
  1.4780620e-01
  8.8878283e-03
 -1.1514555e-02
 -1.5604724e-01
  6.8740815e-02
  6.0218360e-02
  5.0713278e-02
  7.6750196e-03
  2.4906043e-02
  5.6290971e-03
  2.8438061e-02
 -1.4098749e-02
 -4.2854279e-02
 -4.4857875e-02
 -2.7692920e-02
  1.8896846e-02
 -5.2891798e-02
 -1.1617017e-01
 -5.4466233e-02
  7.2237357e-02
  1.5657065e-02
 -1.2926231e-02
 -1.7948395e-02
 -5.6527134e-02
  1.5865885e-02
  2.7579337e-02
  1.8098878e-02
  3.1915948e-02
  3.7185017e-02
 -5.2066869e-03
 -4.6539381e-02
  1.4339271e-01
  4.4375252e-02
 -1.4900699e-02
 -2.1756139e-02
 -1.3942998e-02
  1.5165106e-02
 -6.3654669e-02
  2.5234168e-02
  4.9895141e-02
  2.7090956e-02
 -1.3739921e-01
 -6.1808322e-02
 -5.5370405e-02
 -1.4487455e-03
 -1.2756001e-02
 -5.1468726e-02
  1.0472361e-01
  7.2660460e-03
 -1.3159589e-01
 -1.5007006e-02
 -8.5976303e-02
  7.4661806e-02
 -3.1053543e-02
 -1.8977128e-02
 -1.9894930e-02
  4.8194557e-02
  4.5770299e-02
 -2.9371992e-02
  2.7584843e-02
 -1.3254157e-02
 -2.0329345e-02
 -3.8422926e-03
 -3.1423289e-02
 -6.4424329e-02
  5.7926707e-02
 -7.9286665e-02
  4.4751600e-03
 -3.5751369e-02
  7.1100831e-02
  2.8441972e-03
  9.0178614e-03
 -5.7165395e-03
 -3.1587519e-02
  2.4241313e-02
  4.2267706e-02
 -9.2412382e-03
 -8.3641438e-03
 -1.4702493e-02
  5.0852378e-03
 -2.2592451e-02
 -3.8179327e-02
 -6.8290569e-02
 -1.2959018e-02
  4.8879378e-02
 -3.2896751e-03
 -2.4229789e-02
 -1.4559573e-02
  1.9063544e-02
  3.3520521e-03
 -1.1627905e-02
  1.7277732e-02
 -1.2590106e-02
 -1.6480446e-02
 -4.1798116e-03
  5.4083271e-03
 -4.4370245e-02
 -7.1800551e-03
  4.7983006e-03
  2.1628657e-02
  3.2353832e-03
 -1.3832130e-02
  1.0578464e-03
  4.1072792e-03
 -6.8827011e-03
 -7.3830714e-03
 -3.5391093e-04
  1.0372818e-02
  9.5862700e-03
  1.4759097e-02
  2.4328629e-02
 -9.9392701e-03
 -4.5372259e-02
 -1.3447010e-02
  1.1162481e-02
 -1.1053497e-02
  1.4130417e-03
  1.1330480e-02
  3.2758284e-02
  2.1488970e-02
  1.2076572e-02
 -1.0211154e-02
 -1.9841749e-02
  2.5191005e-02
  7.0057544e-03
  3.2701906e-02
  8.9831458e-04
  3.6147984e-03
  3.6997514e-04
  1.6570127e-02
 -3.3776745e-02
  1.7821765e-02
  5.8970712e-03
  1.9041533e-02
 -2.4177232e-03
  1.0151817e-02
 -1.9812604e-02
 -2.9452699e-03
 -4.5952532e-03
  1.6675054e-05
 -7.1537583e-03
  1.4493534e-02
  3.6090789e-03
 -1.8032853e-02
  1.2600395e-02
  1.7892312e-02
  9.6729808e-03
  1.0169398e-02
  2.5739174e-02
 -2.2350676e-02
  1.3215346e-02
 -8.3751027e-03
 -2.5083539e-03
 -4.4324186e-02
  6.5094844e-04
  2.4206812e-02
 -4.3807469e-02
  2.6154060e-02
  5.8764055e-02
 -7.7571413e-03
 -2.6569815e-02
  1.0442866e-01
  3.9396640e-02
  3.4706229e-03
  2.9044296e-04
 -1.1633791e-02
  1.7427946e-02
 -2.0803364e-02
 -1.7222269e-02
  4.7126826e-02
  1.4005033e-02
 -9.9392477e-03
 -1.6639138e-02
  1.2973800e-02
 -3.5765186e-02
 -1.1960336e-02
 -3.0137848e-02
  3.8388368e-02
  1.7012939e-02
 -5.6456134e-02
 -1.1240280e-02
 -7.3593274e-02
 -1.8015588e-02
 -2.5404790e-02
 -4.9140833e-02
 -2.6682983e-03
  8.0795854e-02
  3.7217367e-02
 -1.2925021e-02
  1.8351903e-02
 -8.9699123e-03
 -9.2413099e-03
  4.0612891e-03
 -2.5076399e-02
 -2.5472151e-02
  1.6246047e-02
 -3.3587821e-02
 -1.1599938e-02
 -2.4521818e-02
  2.9975899e-02
  8.3195930e-03
  8.7545458e-03
 -6.4345547e-03
  2.6943109e-03
 -4.8072361e-03
  2.8904200e-02
  6.2562255e-03
 -9.1218464e-03
 -3.7324508e-03
 -1.5400901e-02
 -1.5934145e-02
 -3.8101717e-03
 -5.4720573e-02
 -2.8143506e-02
  4.0556788e-02
 -1.1088487e-03
  1.5372153e-03
 -2.7668405e-01
 -4.7808665e-01
  5.4808646e-01
  8.6448765e-01
  3.1799892e-01
 -1.1371067e+00
 -9.3952352e-01
 -8.7436867e-01
  3.8784381e-02
 -3.1755662e+00
 -3.6938360e-01
  1.3298922e+00
  3.1192807e-02
 -3.6123264e-01
 -7.8108208e-03
 -5.8641493e-01
 -8.0299413e-01
  6.6393751e-01
  3.3219570e-01
  3.8751686e-01
  2.3833795e-01
 -3.8732588e-02
 -1.0953944e+00
 -6.8187577e-01
  6.8979353e-02
 -3.2887408e-01
 -8.9929080e-01
 -1.4695476e+00
  7.6105583e-01
  1.0210466e+00
  2.0567571e-01
 -1.8885701e+00
 -1.6520820e+00
  3.2223293e-01
  2.3527348e-01
 -4.6575034e-01
 -1.0269216e+00
 -1.5379757e+00
 -1.6796423e+00
  9.1800290e-01
  6.3500637e-01
 -2.3659150e-01
  1.0438709e+00
  2.4567109e-01
  6.8671572e-01
  8.0536675e-01
  1.8809235e+00
 -5.2433480e-02
  1.2216843e-02
  2.1449392e-01
 -4.2733258e-01
  1.4768755e-01
 -2.6944453e-01
 -7.7897012e-01
 -9.1698200e-01
 -3.2143599e-01
 -2.4221582e-02
  1.2947851e-01
  9.8029315e-02
 -1.1693370e-01
 -4.5021257e-01
 -1.7996386e-01
  1.5270385e-01
 -1.0019364e-01
  4.4149838e-02
  9.2782909e-03
 -1.2771959e-02
  1.3965914e-02
 -1.3015982e-02
  1.8515544e-02
  7.6611191e-03
  7.4068611e-03
  3.2629666e-03
  5.9403484e-03
  3.6124129e-02
  3.2236695e-02
 -4.5458622e-02
 -6.3179308e-03
 -6.5313466e-03
  1.4329988e-02
 -1.3523329e-02
 -4.5792400e-03
  4.3390233e-02
 -1.0379268e-02
  2.0463120e-03
  1.0182816e-02
  1.1453544e-03
  7.0179999e-04
 -2.0622015e-02
 -8.2216496e-03
  3.0533679e-02
  1.8072776e-02
 -3.9358068e-02
  1.3176471e-03
 -2.1863768e-02
 -1.4179083e-02
 -2.9570537e-03
 -3.3823270e-02
 -3.1374709e-03
  2.5628626e-02
  2.7531758e-02
  6.4113843e-03
  2.5463315e-02
 -2.3920614e-02
 -2.3133071e-02
  1.0064199e-02
 -6.4941016e-03
 -1.5935823e-02
  4.8332371e-02
  3.3874073e-04
 -7.8585874e-03
 -1.0828761e-02
  1.9229019e-02
  8.1505552e-03
 -2.2211278e-02
 -1.0450782e-02
 -4.8775859e-03
 -7.0745074e-03
  8.1931930e-03
  1.0341131e-03
 -8.8168951e-03
  8.6370073e-03
 -2.1374986e-02
  1.9032353e-03
 -4.8853490e-03
 -1.9044630e-02
  1.9066387e-03
  1.6633393e-02
 -8.0657803e-04
  4.9294089e-03
 -1.7403603e-01
  4.3408662e-01
 -1.0403565e-01
  1.8036786e-01
 -1.4456726e+00
 -3.1370872e-01
 -6.7937911e-02
 -3.3613179e-02
 -8.9870298e-01
  1.4417806e+00
 -5.1520383e-01
  3.3992094e-01
  2.4025846e-01
  3.0619690e-01
 -1.1889826e+00
  5.1623499e-01
 -4.0289912e-01
 -4.1259843e-01
  1.7141113e-02
 -4.7379026e-01
 -4.1801125e-01
  1.4201454e+00
 -1.0113652e-01
 -1.1380019e+00
  4.1399530e-01
 -1.4253677e-01
  1.5754097e+00
  2.9264385e-01
  3.8020408e-01
  7.4239624e-01
 -4.7091281e-01
  5.0482953e-01
  1.3977157e-01
  1.1075765e+00
 -6.0220271e-01
  2.0886848e+00
  3.3405509e-02
  1.3118472e+00
 -7.7467906e-01
  9.7532290e-01
  4.9707922e-01
 -6.5370566e-01
 -3.7407842e-01
  6.6693032e-01
 -1.1124902e+00
  1.0823090e+00
 -2.3498360e-02
  3.9227349e-01
 -6.9473565e-01
  1.5584986e-01
  3.0814600e-01
  8.0987781e-02
  1.3342260e-02
 -8.0444761e-02
  3.8951832e-01
 -3.3769152e-01
 -5.6441460e-02
  1.9863687e-01
  4.0088198e-01
  9.8934300e-02
 -2.0089531e-02
 -2.8861279e-02
  1.8813434e-01
 -2.6975330e-02
  4.4500418e-02
  5.0871734e-02
  1.9815069e-01
 -3.1246110e-03
  1.3519113e-01
  8.6459339e-01
 -1.3810001e-01
 -2.0203429e-01
  3.8165212e-02
  2.3656586e-01
 -5.8015645e-01
 -2.6740438e-01
  4.5960978e-02
 -1.5145209e-01
  5.6091715e-02
 -1.3389345e-01
  1.0492652e-01
 -1.0289881e-02
 -2.6512292e-01
 -4.2372387e-02
 -9.5522106e-02
  3.2011846e-01
  1.2546404e-01
  1.0041292e-01
 -4.7747750e-02
  2.7456057e-01
 -9.1983236e-02
 -6.1894428e-02
  7.6205915e-01
  1.9102376e-02
  1.0028926e-01
  2.6573434e-01
  3.1588176e-01
  9.1573320e-02
  4.9611643e-02
 -4.1232515e-02
  6.8870150e-02
  1.8927681e-01
 -1.0274471e-01
  3.6130852e-01
  1.8639487e-01
 -1.9161921e-02
  1.0900018e-01
 -4.6572525e-02
  3.9104689e-02
  1.1525598e-01
  3.1756482e-01
  1.2518992e-01
  3.0336156e-01
 -1.9204792e-02
 -1.2564904e-02
  4.3158699e-02
  3.0388890e-02
 -6.3595459e-02
  2.5283165e-02
  1.2726602e-01
  4.1803855e-02
 -1.4074299e-02
 -8.1516169e-02
  4.1295568e-04
  1.6530609e-02
  8.5841477e-02
  2.8829701e-02
 -7.2783150e-02
  7.1651681e-04
  5.8154832e-03
  1.2507206e-01
 -7.3452294e-01
  3.1470048e-01
  9.3712735e-01
 -1.1948830e+00
 -4.9674341e-01
 -8.1224149e-01
 -8.8576877e-01
  2.0194247e-01
 -7.6264203e-01
 -1.1870745e-02
 -2.1645519e-01
 -1.4213482e-01
  1.2287343e-01
 -3.8051429e-01
  3.2599360e-02
  8.9729917e-01
 -7.4239290e-01
  5.4262668e-01
 -1.0762253e+00
 -2.0742428e+00
 -2.5267404e-01
  1.8262228e-01
 -4.6619803e-01
  3.4082162e-01
 -1.4760311e-01
 -5.4960293e-01
  6.7346525e-01
 -3.7032640e-01
 -6.8250829e-01
  1.8482253e-01
  6.0950398e-01
 -3.3514953e-01
  1.9656572e-02
  1.2997246e-01
  3.1138480e-01
  3.2743764e-01
 -6.5601486e-01
 -1.1191235e+00
 -1.0401689e+00
  1.9219078e-01
 -3.8174805e-01
  5.5092148e-02
 -4.1947919e-01
 -2.5594333e-01
  7.7005082e-01
 -5.2474898e-01
 -8.3349980e-02
 -4.7486782e-01
  2.4947504e-02
  8.3587252e-02
 -1.0535633e-01
  4.2333907e-01
  4.2451274e-01
 -1.6368890e-01
  1.1185109e-02
  9.6116841e-02
  6.2038053e-02
 -1.2602602e-01
  1.2330808e-01
  2.1411958e-01
 -5.9846357e-02
  7.6400988e-02
 -1.6765115e-01
 -8.9605609e-03
 -2.5327835e-02
 -1.9540820e-02
 -5.9752995e-03
  1.2062280e-02
  2.8509626e-02
 -1.0344419e-03
  1.6890055e-02
  1.1357786e-02
 -3.3712007e-02
  4.1655533e-02
  1.5658103e-02
  4.1201703e-02
 -1.8784946e-02
 -1.3481333e-03
 -2.1316828e-02
 -4.1467282e-03
  1.5217664e-02
  1.1409545e-02
 -1.2591945e-02
 -4.9443846e-03
  2.3314827e-03
 -4.0446273e-03
  7.9258718e-03
  9.6811960e-03
 -9.0903584e-03
  1.6682111e-02
 -2.1947573e-03
 -1.0056474e-02
  1.2782417e-02
 -1.7825838e-02
  1.4985669e-02
  2.1467198e-02
 -3.1744037e-02
 -6.7344140e-03
  2.5064152e-02
  2.5721587e-02
 -5.2595455e-03
  1.7952418e-02
 -7.9746470e-03
 -1.5552614e-02
 -5.3960886e-03
 -1.8674592e-02
 -2.1266954e-02
  8.1450082e-03
 -1.1524951e-02
 -1.6336259e-02
 -2.2002023e-02
  1.0912911e-02
 -5.5059763e-03
  1.4878063e-03
 -2.8095769e-03
 -5.5625695e-03
  7.2480212e-03
  2.0211015e-02
 -1.3740783e-02
  1.2395289e-02
  1.0760993e-02
 -3.5085178e-03
 -2.5834790e-01
 -1.3671394e-02
 -1.1186024e-02
 -4.8040454e-03
  1.7450951e-03
 -1.7912598e-02
  2.6828146e-03
  1.3187636e-02
 -6.3077050e-01
  1.4058910e-01
 -2.2760540e-02
 -6.5893292e-01
  4.7772978e-02
  2.8337085e-01
 -9.9790388e-01
  1.5866628e-01
  7.3560560e-01
  3.9669108e-01
 -1.0592747e+00
  2.4535951e-01
 -2.5338191e-01
  1.0885878e+00
 -3.7244460e-01
 -8.1296581e-01
  2.5109076e-01
 -1.9755694e-01
 -2.1700005e-01
 -1.0463066e+00
 -1.5394108e+00
  1.4347830e-01
  7.6575172e-01
 -4.8389942e-03
  2.2083071e-01
 -8.9620697e-01
 -3.9990169e-01
 -5.0158519e-01
  8.4480101e-01
  9.0797961e-02
  2.5648293e-01
  5.0622270e-02
 -3.8335243e-01
  3.9483875e-01
  8.3634877e-01
 -2.0584887e-01
  2.9568696e-01
 -9.4629645e-02
 -1.8527736e-01
 -4.7887543e-01
 -1.4542231e-01
  2.9701164e-01
 -3.2748857e-01
  8.0097586e-01
  1.0315449e-01
  4.7654763e-01
  4.4097453e-02
 -2.9744083e-02
  1.5752693e-01
  7.7625655e-02
 -7.1454927e-02
  3.1415027e-02
  6.7610137e-02
  2.5054964e-01
  3.5117962e-03
 -5.9978105e-02
 -3.2794900e-02
  1.1046398e-01
  7.9653934e-02
 -1.3825525e-01
  1.3894216e-02
  3.8344167e-02
 -2.3718096e-02
 -1.7207241e-02
  9.7830174e-03
  3.1669748e-01
  2.4859329e-01
  2.3978823e-01
 -2.5925288e-01
 -6.6616720e-01
 -1.0333862e+00
 -6.0195976e-01
  7.5285465e-01
 -1.2800792e+00
 -6.3285428e-01
  1.0786244e+00
 -4.2756858e-01
  1.8362608e+00
  9.0376496e-02
 -3.4713537e-01
 -1.9081449e-02
 -3.9874360e-01
 -4.3768528e-01
 -5.7530189e-01
  1.0153066e-01
 -1.7827429e-01
  4.5716980e-01
  4.9191929e-02
  5.8834245e-03
 -8.9271143e-03
 -2.9714996e-01
  2.5614083e-01
  5.2178364e-02
 -4.2876774e-01
  7.0281136e-01
  3.7906224e-01
  1.0183952e+00
  6.0833091e-01
 -1.8090226e-02
 -6.5592456e-01
  5.7619131e-01
  4.1291901e-01
 -2.2601104e-01
 -3.5249355e-01
 -8.1720060e-01
  1.3689624e-01
  6.4089322e-01
 -7.3669428e-01
  7.4694127e-01
  2.3512328e-01
  5.3173149e-01
 -6.2705743e-01
 -2.0305339e-01
 -1.7270945e-01
 -3.7540499e-02
 -3.5120334e-02
  3.8010392e-02
 -2.5194240e-01
 -2.5302118e-01
 -4.8116744e-02
 -7.6579466e-02
 -1.2673667e-01
  2.4139163e-01
  7.1974762e-02
  6.5391593e-02
  6.3404836e-02
  1.3308483e-02
 -6.5406948e-02
  4.8332941e-02
 -1.8075962e-02
 -5.2229743e-02
  1.7253951e-04
  5.8605324e-02
  2.9910743e-02
  1.3220929e-02
  5.4852676e-02
  9.1548199e-03
 -2.8357079e-02
  1.2346924e-01
  4.0370837e-02
 -5.1704243e-02
 -2.2545787e-02
 -4.9670539e-03
  1.5810454e-02
 -4.7051590e-02
  1.2204763e-02
  2.6847972e-02
  3.7811842e-02
 -1.9780824e-01
 -2.5631318e-02
 -3.5507575e-02
 -2.5553152e-02
 -4.3722469e-02
 -4.5115001e-02
  9.0185352e-02
 -2.3791298e-02
 -6.0011860e-02
 -1.3848278e-02
 -6.4654440e-02
  2.9228621e-03
 -9.4113171e-02
 -2.3202220e-02
 -2.6143396e-02
  3.4677155e-02
  7.7047445e-02
 -9.3275309e-03
  1.3808632e-02
  1.8741048e-03
  6.5785549e-03
  2.1601481e-02
 -4.7178060e-02
 -3.4525018e-02
  7.7339888e-02
 -3.2729480e-02
 -3.2171251e-03
 -3.4137249e-02
  4.3354359e-02
  1.0523953e-02
 -3.9717224e-03
 -2.2797652e-03
 -3.3674168e-03
  2.3123866e-02
  5.6713372e-02
 -8.1162271e-04
 -2.7849531e-02
  7.7099837e-03
  1.8499488e-02
 -1.9365758e-02
 -9.0102041e-03
 -5.2096386e-02
 -2.0243622e-02
  5.5977799e-02
 -8.5386429e-03
 -1.8256413e-02
 -1.6873147e-02
 -1.3727725e-02
 -7.2749481e-03
  2.5083255e-02
 -8.3552320e-03
  1.6088497e-02
  4.0677980e-02
  2.3766160e-03
 -2.7870659e-02
  4.8290085e-02
  2.6118387e-02
 -5.5675716e-03
 -1.8166551e-02
 -1.9716701e-02
  1.8209336e-02
 -6.2510064e-03
  6.9601829e-03
  4.0291179e-02
  2.7184445e-02
  5.5565021e-04
 -3.1194312e-03
 -8.9569595e-03
 -5.4914635e-03
 -2.3702612e-02
 -1.3768895e-02
  2.5264923e-02
  2.3558433e-03
 -1.5863767e-02
  4.2922916e-03
 -8.0695702e-03
 -2.3343984e-02
 -2.1405440e-02
 -4.8258014e-02
 -3.3918044e-03
  2.1622630e-02
  3.3870224e-02
 -6.2783165e-03
  4.7514299e-03
 -1.7862221e-02
 -1.0100307e-02
  2.2116458e-02
 -1.3829806e-02
  8.3340274e-04
  2.5929246e-02
 -4.2988416e-02
 -6.4152568e-03
  2.9894616e-03
  4.1228324e-02
  8.5469540e-03
  7.0744585e-03
  2.6708510e-04
  6.0010701e-04
 -1.7311018e-02
  2.1558482e-02
  1.3554559e-02
 -1.0583080e-02
  9.4440691e-03
  5.0178962e-03
  8.4425528e-03
 -4.5379926e-03
 -1.6743682e-02
 -1.0101067e-02
  1.2110131e-02
  2.8448591e-03
 -1.7832104e-02
 -7.7673453e-01
 -3.4984013e-01
 -1.4933950e+00
 -1.0346884e-01
 -1.6535010e+00
 -1.3777703e+00
  9.0927619e-01
  1.2519962e+00
 -5.5162346e-01
 -1.9655609e+00
 -1.7940124e+00
 -2.5801780e+00
  2.3898576e-01
  3.0372387e-01
  2.8726178e-01
  2.5112697e-01
  4.4143966e-01
 -7.2008938e-01
 -6.4572781e-01
 -3.4740844e-01
 -3.3583028e+00
  2.5562072e+00
  1.8427923e-01
  2.2656843e-02
  3.7195289e-01
  2.9615328e-01
 -2.4632883e+00
 -1.0692539e+00
  1.7361096e+00
 -1.2800449e-01
  8.9477259e-01
  1.8559573e+00
 -3.7467322e-01
  4.8326153e-01
 -6.9988382e-01
  2.0604953e-02
  1.0140079e+00
  1.0218272e+00
  1.6622288e+00
  7.9394382e-01
  1.5659608e+00
  1.3093461e-01
  6.7912346e-01
 -1.3461527e+00
 -1.5383761e+00
  6.7638433e-01
 -6.4760214e-01
 -1.7656837e+00
  3.0279511e-01
 -1.9821085e-01
 -1.8959437e-01
  2.2244295e-01
 -3.5719689e-02
 -7.4410969e-01
  4.4752035e-01
 -4.8988890e-02
 -9.5360195e-03
 -8.2982868e-02
  1.6905701e-01
  2.0868585e-01
 -6.7932591e-02
  3.5985753e-01
  8.4799968e-02
  1.1468072e-01
  2.1681437e-01
 -2.3703329e-02
  8.7873004e-02
  7.7252097e-02
 -1.0658770e-01
  1.2116783e+00
  4.8123203e-02
 -1.3492610e-01
  4.3943185e-02
  5.6835815e-02
  1.9111161e-01
  2.4363117e-02
 -5.1845378e-01
  1.1994928e-01
 -2.0701231e-01
  1.0678360e-01
 -9.2585430e-02
 -6.2726617e-02
 -1.5459582e-01
 -1.2512244e-01
 -5.8543589e-02
  1.7809437e-01
 -1.5389942e-01
  1.2510276e-01
  1.6758317e-01
 -1.8142361e-02
  1.0652989e-02
  4.8408195e-02
  7.2777368e-02
  1.6558592e-01
 -2.7897316e-01
 -1.8611266e-01
  2.5634661e-01
  7.1147032e-02
 -2.8777739e-01
 -6.7587197e-02
  1.8964960e-01
 -2.4507122e-01
 -1.8275043e-01
  1.9512819e-01
 -2.0028065e-01
 -3.3146667e-01
  1.3253349e-01
  2.7688569e-01
 -2.4048720e-01
  1.7664082e-01
  1.3055538e-01
  8.2252435e-02
  2.1028329e-02
 -6.2482934e-02
  3.3464141e-02
 -7.4524237e-03
 -2.3075801e-03
  1.3387822e-02
 -9.6694887e-02
 -2.9113775e-02
 -5.7069543e-03
 -9.5384801e-03
  3.8750995e-02
 -4.2795386e-02
  1.8341735e-02
  7.4031330e-03
  1.9739380e-02
 -6.9176100e-02
 -1.2013935e-02
 -2.5077304e-02
  4.1711462e-01
 -5.8834487e-01
 -2.8811672e-01
 -6.8179405e-01
  2.8717871e+00
  8.7986547e-01
  7.5072670e-01
 -2.0871713e+00
  1.0491486e-01
  6.2567872e-01
  2.0042419e-01
 -2.2259395e+00
 -8.1870854e-03
 -3.3965433e-01
 -1.6768675e-01
  3.3043433e-02
 -4.5456532e-01
  1.1202807e-01
  9.5164925e-01
  2.8042549e-01
 -2.8469694e-01
 -7.1122038e-01
 -1.0381453e-01
  1.9105045e-01
  8.7555063e-01
 -4.2917526e-01
 -8.6856705e-01
  8.4138095e-02
 -3.0871490e-01
 -2.1971288e+00
 -5.7595134e-01
 -1.2557055e+00
 -3.1290722e-01
  4.0867972e-01
  2.8838521e-01
  3.3545442e+00
  9.3149304e-01
  8.6199129e-01
  6.5316463e-01
 -8.5571684e-02
  3.9052224e-01
 -8.5604712e-02
 -5.3148586e-01
  3.3941963e-01
  3.4845969e-01
 -3.9384473e-02
 -4.2717052e-01
 -4.9236327e-02
 -2.0756510e-01
  3.1854972e-01
 -3.0010188e-01
 -3.5282254e-01
  5.2400615e-02
  5.4885048e-01
 -4.0508074e-01
  4.4208914e-01
 -2.8418058e-01
 -1.2123232e-01
 -2.4902460e-01
 -1.2367566e-02
  2.0159800e-01
 -9.4901592e-02
 -1.4677812e-01
  9.0723075e-02
  3.7784114e-02
  2.3981668e-02
  1.8208086e-01
 -8.8940866e-02
 -2.8623572e-01
 -4.5622486e-01
  1.5327102e-01
 -1.6881599e-01
  9.3769774e-02
 -1.1594871e-01
  6.1885214e-01
  2.0566422e-01
  8.9536989e-01
  1.9578154e-01
 -2.5259534e-01
 -2.7000305e-01
 -8.9324474e-02
  4.9684381e-01
  2.3144616e-01
 -2.1786772e-01
  2.7351993e-01
  2.6140898e-01
 -1.9087094e-01
  2.8649995e-01
  3.0333760e-01
 -4.1439775e-01
  8.5865244e-02
  1.0174756e-01
  1.6508070e-01
  2.6885334e-01
 -6.5108579e-01
  7.8300722e-02
 -8.1539059e-01
  3.3274978e-01
 -8.9313634e-02
 -8.0027539e-01
  1.3842590e-01
 -3.0192310e-01
 -3.3642542e-01
 -3.5265729e-01
 -1.4134552e-01
 -1.8695433e-01
  9.0384200e-02
  3.6256453e-01
 -4.1998544e-01
  2.9529569e-01
 -2.0009795e-01
  5.7157362e-01
 -2.5258628e-01
 -4.1926041e-01
 -2.2434610e-01
 -1.4447685e-01
  3.0732455e-02
 -6.3851848e-02
 -5.3807682e-01
 -2.8069487e-02
 -1.6433235e-01
  2.4401231e-01
  1.2969682e-02
  9.9456795e-02
  4.1608341e-02
  7.3606655e-02
  1.7370473e-01
 -3.1143658e-02
 -1.2724647e-02
  3.7002485e-02
  3.3222976e-01
 -2.9234815e-01
  2.9586896e-02
  1.8204612e-01
  7.9950780e-01
  3.5353830e-01
  4.6861406e-02
 -3.4128976e-01
  3.4510129e-04
 -1.1911924e+00
  5.6814164e-01
 -7.0369673e-01
  2.4985969e-01
  8.1939471e-01
  5.4657710e-01
  2.3892266e-01
  5.7381487e-01
  6.3487940e-02
 -3.1259164e-01
 -1.9185732e-01
  1.0695004e-01
 -1.2601343e+00
  4.3570423e-01
  2.4503076e-02
 -1.3848815e-02
  1.5218946e-01
  6.4916754e-01
  4.9981903e-02
  7.7419853e-01
  5.7099849e-01
  1.5553294e+00
  4.2491737e-01
  6.7392558e-01
  5.1036859e-01
  8.5282874e-01
 -1.5489414e+00
 -5.1061022e-01
  1.9953252e-01
 -1.1987900e+00
 -2.4242091e-01
 -4.4905531e-01
  6.9126315e-02
  2.6323420e-01
  1.6818847e-01
 -4.9051717e-01
 -2.4625479e-01
  5.1710390e-02
 -5.3427440e-01
 -4.0858549e-01
  9.6237715e-03
 -8.3795622e-02
  1.1339865e-01
 -7.1607620e-02
  4.4503963e-01
  2.4745613e-01
  3.8249096e-01
  5.5826195e-02
  1.0002298e-01
 -1.2921494e-01
 -7.1388982e-02
  2.6192805e-01
  1.9423554e-02
  2.6941238e-02
  1.2471075e-01
 -2.5089949e-02
  1.3915992e-01
 -9.5365398e-02
  6.6943049e-02
  1.9856576e-02
  7.9448938e-01
  1.8102230e-01
  3.0852886e-02
 -2.4887422e-01
  6.4891763e-02
  1.5639288e+00
  1.5251136e-01
 -4.3361089e-01
  1.0690748e-01
 -1.3424455e-01
 -1.0197163e-01
  2.3045146e-01
 -4.8439416e-01
 -3.6153355e-01
  7.8490213e-02
 -2.8405407e-01
 -4.6493444e-01
  8.3144999e-01
  6.4402086e-01
  1.8926823e-01
  1.5089639e-01
 -2.0696966e-02
 -2.3644261e-02
 -2.1106246e-01
 -5.3423297e-01
  1.4496850e+00
  1.3557874e-01
  5.5602014e-01
  3.9269429e-01
 -4.9898627e-01
  1.1641013e-01
 -6.7873426e-02
  3.9486262e-01
  5.2461676e-02
 -5.3110016e-03
  3.2207426e-01
 -1.4455523e-01
 -2.5194591e-01
 -1.6483724e-01
  1.5010630e-01
 -3.2288343e-02
  2.0054325e-01
 -2.2915690e-01
 -3.6401537e-01
  9.7800232e-02
 -7.2980754e-02
  1.6589367e-01
  7.6167090e-03
  7.8274541e-02
  9.5140927e-02
 -1.7267883e-01
  1.6850610e-01
 -6.5011196e-03
  4.1682500e-02
  1.0799274e-01
  1.7148018e-01
  1.7417125e-01
 -1.9031972e-02
 -4.1564554e-02
 -1.2508833e-02
  4.5062993e-03
 -1.2681106e-02
  2.8147690e-02
 -1.6495520e-02
 -1.4671893e-02
  1.5407310e-02
 -4.5365565e-03
 -3.6422037e-02
  2.0662080e-02
  6.5632060e-02
 -8.7975092e-02
 -5.3609937e-02
  1.3091762e-02
 -8.2247856e-04
  3.3630501e-02
 -3.0348117e-02
  3.6376487e-02
 -3.1500641e-02
 -5.1492549e-02
 -2.3933712e-03
  1.2894236e-02
  5.2500699e-02
  3.3065811e-02
  4.5276988e-02
  1.2176369e-02
  4.6917975e-02
 -6.2411860e-02
  5.3220615e-02
  4.3967284e-02
 -3.7625393e-01
  2.6269818e-02
  2.0459987e-02
  4.1726246e-02
  2.4238607e-02
 -1.7011741e-02
 -7.3117457e-02
 -6.8535790e-02
  2.2563029e-02
 -4.2799717e-01
  7.9065263e-02
  9.6932345e-04
  7.4884831e-03
  7.1138912e-03
  2.4076167e-02
 -5.1903028e-02
 -9.6689770e-04
  2.5832986e-02
 -4.5873285e-03
 -1.8461881e-02
 -7.9905884e-03
  9.4713820e-03
  2.2159319e-03
 -2.8074224e-04
 -1.4423419e-02
 -3.0231390e-02
 -3.9921859e-03
  1.3311165e-02
 -1.7990840e-03
  1.6475424e-02
  1.2238832e-02
  3.3445574e-02
  2.2502229e-02
  1.0412125e-02
 -3.0456930e-02
  1.0724458e-02
  1.5829083e-02
  4.4663084e-01
  2.3607388e-01
  1.8067278e-01
 -6.9510812e-01
 -2.6921797e+00
  3.9041317e-01
 -2.4910135e-02
 -1.6527787e-02
  1.2358942e+00
  2.3698668e+00
  6.7793153e-02
  5.9220171e-01
 -6.9211775e-01
 -2.9698411e-01
  6.0435182e-01
 -8.0747414e-01
  4.4965181e-01
  3.0775428e-01
  7.1122909e-01
  1.9602343e-01
  1.1634911e+00
 -9.2967165e-01
 -9.1545457e-01
  5.5920202e-01
 -6.5720268e-03
 -4.2612800e-01
  8.1359702e-01
  4.4602761e-01
 -5.7428360e-01
  1.3890454e-01
 -1.9128088e-02
  1.4882803e-01
 -2.8983185e+00
  3.2298750e-01
  7.1745193e-01
  6.0576314e-01
  3.3749005e-01
 -3.5630083e+00
  6.7022008e-01
  4.3339705e-01
  4.1455564e-01
  9.5713977e-03
 -7.3940265e-01
  8.2147139e-01
  4.7855756e-01
 -3.3932617e-01
  3.9076081e-01
  6.0510367e-01
  1.8830162e-01
  9.9388272e-02
  1.6420878e-01
  1.4713158e-01
  2.8087867e-02
  2.2593364e-01
  2.0745485e-01
  1.1197096e-02
 -1.8946268e-01
 -9.8835513e-02
  2.9440865e-01
 -2.3947699e-01
  2.5827619e-01
  2.1399606e-02
 -1.4284707e-02
  7.4875072e-02
  3.5275720e-02
 -1.1853818e-01
 -3.3066128e-03
  1.6571014e-01
  1.0483327e-01
 -4.1229409e-01
 -2.4915220e-01
 -2.6233438e-02
 -8.9223468e-01
 -1.3141838e-01
 -2.8016946e-01
 -1.0080935e-01
  1.0303299e-01
 -4.3297064e-01
 -2.6564005e-01
 -3.1323645e-01
  9.2201751e-01
 -2.9108331e-01
  2.5878221e-01
 -7.7743590e-02
  2.0527628e-01
 -1.8573680e+00
 -2.0817969e+00
  2.4852549e-01
  3.1496483e-01
  9.8837167e-02
 -1.5542553e-01
 -1.0079572e+00
 -7.2373235e-01
  1.1878872e-02
  6.2860620e-01
 -7.7361542e-01
 -5.8541954e-01
  2.3945241e-01
 -6.1654426e-02
 -3.4339547e-01
 -5.6564599e-01
 -3.2503504e-01
 -2.1980469e-01
  8.9557093e-01
  1.0219162e-01
  1.2878669e-02
  9.9183202e-02
  2.7223894e-01
  1.4483389e-03
  6.9370401e-01
  7.9119635e-01
 -6.4868927e-02
 -6.4151102e-01
 -1.0040358e+00
  2.0329793e-01
  1.4949423e-01
  2.7201319e-02
  6.7612410e-02
 -1.6303433e-01
  1.1691557e-01
  1.9083489e-02
 -2.8418262e-02
 -6.4114377e-02
 -4.2082403e-02
 -1.4526646e-02
  9.0017796e-02
  5.2648254e-02
 -9.3055256e-02
  8.8797538e-03
 -1.4140896e-02
  2.8573506e-02
  2.6659861e-02
 -4.6534929e-03
 -5.9555117e-02
 -4.8735086e-02
 -2.8746154e-02
 -7.8776993e-02
 -7.4810809e-03
  1.0024641e-02
 -1.7835791e-01
 -7.2502255e-02
  5.4290630e-02
 -1.7824952e-02
  4.6655431e-02
 -9.8306907e-04
  4.6145987e-02
 -1.2437709e-02
 -7.0153408e-02
 -1.1506094e-02
 -2.2592735e-02
  4.6059571e-02
  3.8787458e-02
  4.3047566e-02
  7.6332025e-02
  7.2200984e-02
 -6.9142841e-02
  2.2966547e-02
  3.8237881e-03
  2.0900993e-02
  7.7270865e-02
  6.6601425e-02
  2.0247117e-02
  4.0341385e-02
 -1.0968435e-02
 -8.6033151e-02
 -1.0739358e-01
  4.2277772e-02
 -2.3213767e-02
 -1.5599814e-02
  3.9639525e-02
 -2.3769157e-02
  4.4180181e-02
  5.3142447e-02
 -9.1073126e-02
  8.1359260e-02
  3.0786319e-02
  3.0212900e-02
 -7.0350438e-02
 -1.6948128e-02
  1.9648643e-03
  8.0337040e-03
  1.3019592e-03
 -2.4476621e-02
 -7.2915897e-02
 -4.3843947e-03
  2.5420571e-02
 -2.6904154e-03
  5.7616285e-03
  1.9815860e-02
  2.2378905e-02
  8.3153330e-02
  3.9932776e-02
 -5.5916987e-02
  1.7538445e-02
 -5.8655714e-04
 -1.2741948e-02
  2.6424513e-03
  1.1008063e-02
  6.3669397e-03
 -1.1780597e-03
  1.6302438e-02
 -4.4830441e-03
  5.4524015e-03
 -5.3456463e-03
 -1.2358478e-02
  3.8435475e-03
  1.2282214e-02
  5.3221392e-03
 -1.0469820e-02
 -1.0400703e-02
  1.6096959e-01
 -2.0103100e-04
  1.0029850e-02
  1.0467370e-02
 -1.0856304e-02
  1.2570471e-02
 -2.0253933e-03
  5.8165910e-03
 -4.9820635e-03
  5.1943422e-03
  6.8550589e-03
 -1.8055001e-02
  1.8379748e-02
  1.1420717e-02
 -3.6194564e-03
  1.0478717e-03
  6.5266043e-03
  3.1427597e-03
  2.4495948e-02
 -2.0123115e-02
  1.0946437e-03
  1.0078252e-02
  2.2420094e-03
  1.3220978e-02
 -8.5136089e-03
 -2.5942882e-03
  8.6492189e-05
 -1.5263895e-02
 -5.9828376e-03
 -9.9052563e-03
 -4.3276482e-04
 -6.9589498e-03
 -6.2229787e-03
  1.1312943e-03
  6.9497149e-03
 -1.4045184e-02
 -1.6899239e-02
  2.7846568e-03
  5.6998967e-03
  3.4112338e-02
  4.1017896e-03
 -1.4028302e-02
  1.4307873e-02
  8.5815502e-04
  1.5082310e-02
 -9.9727465e-03
 -3.5719797e-03
 -1.3124404e-02
  2.3152510e-02
  7.2144391e-03
 -4.6056560e-01
 -7.5076580e-01
  7.3824686e-01
  1.5859556e-01
  1.3079782e+00
 -9.4779003e-01
  4.3141523e-01
 -2.5909066e-01
 -9.1551030e-01
 -8.2668859e-01
 -3.2325172e-01
  2.1370932e-02
  3.5145617e-01
 -2.0751624e-01
  1.8589398e-02
 -5.7958728e-01
 -3.4311545e-01
  1.3331929e+00
 -4.3507883e-01
  9.8698980e-01
  8.9614141e-01
 -3.3073097e-01
  6.0488755e-01
 -9.4573513e-02
 -3.3156011e-01
  2.7480364e-01
 -5.8531020e-02
  4.8983335e-01
 -1.6117124e-01
  9.5382982e-01
 -8.4809625e-01
 -3.5945907e-01
  3.5799378e-01
 -3.8690540e-01
 -1.4419249e-01
 -8.9206141e-01
 -9.8720032e-01
  6.1159205e-01
 -1.7747982e-01
 -9.7556084e-02
 -7.7564782e-01
 -6.8038630e-01
 -8.7263006e-01
 -5.7635117e-02
  5.8578831e-01
 -1.2007318e+00
  7.5847167e-01
  2.9921371e-01
 -5.6364518e-01
  2.2373042e-01
  1.0716651e-04
 -2.4677722e-01
 -2.9716671e-01
 -1.0206817e+00
  2.1672959e-02
 -4.9667627e-01
 -6.1448473e-01
  1.0952819e-01
  2.9342997e-01
 -2.4084119e-01
  1.4323875e-01
  4.7267910e-02
  2.1222427e-01
 -1.5543456e-01
  1.5623455e-01
  1.2822982e-02
  2.5846181e-02
  6.0657351e-03
  4.7723066e-02
  2.2435662e-01
  9.1886625e-02
  1.0106834e-01
 -3.1911865e-02
  3.5754148e-02
  2.1118337e-01
  6.4545929e-02
 -1.0883121e-01
  3.5814289e-02
 -1.0711190e-01
 -1.2853719e-01
 -2.0144889e-01
  4.4072591e-02
  5.1605955e-02
  3.0586781e-02
  1.8954761e-03
  2.9802404e-02
  1.2228692e-01
 -1.8110056e-03
 -5.7737153e-02
 -1.1145031e-01
  8.6113252e-02
  4.9657132e-02
  5.1746614e-02
 -2.5244066e-02
  3.5563089e-02
 -7.6192476e-02
 -1.2074496e-01
 -1.8559769e-01
  1.5891489e-01
  8.2917444e-02
  1.1927585e-01
 -7.3615655e-02
  4.1589200e-02
 -1.2491631e-01
 -2.7754439e-02
  2.2376595e-01
  1.4765390e-02
 -1.1328109e-01
  1.7410742e-01
 -1.2413392e-01
 -7.6314114e-02
 -4.6283670e-02
  1.0167539e-01
  8.5586928e-02
 -2.0733278e-02
 -1.3502054e-02
 -4.5769196e-03
  2.0628944e-02
  1.5769391e-01
 -3.6620539e-02
 -4.3084804e-02
  6.4089626e-02
  2.5695056e-02
  9.6320623e-04
 -2.3971522e-02
 -1.0071101e-01
 -1.8164929e-02
  3.5342410e-02
  1.9754566e-02
 -2.2510897e-02
 -4.9675882e-02
 -5.8145929e-02
  1.8751552e-02
  1.1413048e-03
 -2.4640568e-02
  3.2716054e-02
  4.8651110e-02
 -6.6744508e-03
 -6.3266995e-04
  8.0543384e-02
  3.8182091e-02
 -2.1139886e-02
 -4.8950878e-03
 -2.6872188e-02
  1.6167223e-02
 -1.8512640e-02
  1.3316910e-02
  5.3001750e-02
  2.0282937e-02
 -1.3810802e-02
 -1.8803999e-02
 -1.4769270e-02
 -3.4481585e-02
 -1.6958999e-02
 -2.9681025e-02
  4.7604572e-02
 -1.0517015e-02
 -5.0193157e-02
  1.7266929e-02
 -4.6207305e-02
 -9.5852343e-03
 -8.9083612e-03
 -8.4334817e-03
 -9.6405279e-03
  7.1443558e-02
  6.0556129e-02
 -4.5188107e-02
  1.8326921e-02
 -3.0547438e-02
 -1.2385937e-02
  2.4601505e-03
 -3.5336833e-02
 -2.3026697e-02
  8.8773198e-02
 -4.5060884e-02
 -1.1280483e-02
 -5.1546011e-02
  4.4544820e-02
 -4.3259203e-03
 -1.8574109e-02
  2.0914124e-02
  2.6171211e-02
  7.9336092e-03
  1.2924464e-02
  2.5570577e-02
 -3.5067683e-03
  3.8782312e-03
 -2.6058689e-02
 -2.8182978e-03
 -2.8959565e-02
 -5.1274162e-02
 -2.6956076e-02
 -1.4507669e-03
  8.9923199e-03
 -2.3347128e-02
  2.8447649e-01
 -5.6604463e-01
 -4.5254126e-01
 -9.3648732e-02
 -5.0987679e-01
 -1.5270610e-01
  1.3524511e-02
 -4.1239214e-01
 -4.1642803e-01
 -1.1387067e+00
  4.6642146e-01
  3.5884030e-02
 -3.9928010e-01
  1.2126780e-01
  6.9716452e-03
  5.5211555e-02
 -1.4945237e-01
 -1.8917389e-01
 -2.5357896e-01
  4.2158636e-01
  1.3473688e+00
  1.1560894e+00
 -5.6308335e-01
 -4.4418705e-01
  1.0030996e-01
  1.1259767e-01
  1.0579858e+00
 -4.1344044e-01
 -4.5984006e-01
 -5.8984643e-01
 -1.6702648e-01
  1.0608365e-01
  3.2726858e-02
 -2.9175669e-01
 -1.7498149e-01
  6.6525966e-01
 -7.0207417e-01
  4.6457312e-01
  4.4071868e-01
  8.2059421e-02
 -5.7601631e-01
 -7.4298948e-01
 -1.9667022e-01
 -9.9711560e-02
 -1.0203288e-01
 -1.0801624e-01
 -9.3055300e-02
  1.9231974e-01
  7.6072015e-02
  1.3250017e-01
  2.4953644e-01
  1.1562675e-01
  2.1977998e-01
  1.0942903e-03
 -4.8896680e-03
 -1.4275560e-01
  3.2347858e-01
  1.2996513e-01
  5.7708256e-02
  1.0829540e-01
  4.9691856e-02
 -1.5425780e-01
  3.9530349e-01
 -1.5401851e-01
  2.1726733e-01
  6.1784603e-02
  8.8597751e-01
 -5.4467350e-01
 -5.3314847e-01
 -2.0510136e-01
 -2.2442271e-01
  4.8321214e-01
  6.8125170e-01
  1.2760332e-01
 -1.1205415e+00
 -3.6931899e-01
 -1.5152816e-01
 -2.0844747e-01
  1.2304097e-01
 -2.2184750e-01
  6.7288756e-01
  2.6957166e-01
  8.4161735e-01
  5.5497169e-01
  7.6462400e-01
  9.9404562e-01
 -1.0790466e+00
 -3.2275167e-01
  5.0127721e-01
  5.5476964e-01
  7.5785868e-02
  4.6197945e-01
 -4.1104451e-01
  6.9245440e-01
 -1.1137443e+00
 -5.8033442e-01
 -5.3638154e-01
  1.4508220e+00
  3.0898061e-01
 -2.6471901e-01
  2.3812044e+00
 -1.9491334e-01
 -1.2600485e+00
  2.6835476e-03
 -5.2858885e-02
  1.1702828e+00
  4.4441584e-01
  3.2413924e-01
  2.6100911e-02
 -1.2298015e+00
 -3.2770571e-01
 -6.5610105e-01
  2.0838354e-02
  3.0570266e-01
 -2.0994052e-01
 -4.9245700e-01
 -1.9824466e-01
 -2.0188531e-01
 -7.9465520e-01
 -3.2566807e-01
 -2.2494304e-01
 -1.1928295e-01
 -1.3014950e-01
 -4.1223961e-01
 -1.5758161e-01
 -1.3336454e-01
  1.2074851e-01
 -1.1476386e-01
  1.4446256e-01
 -1.4777125e-02
 -1.7896937e-01
  2.8701845e-01
  7.8720815e-02
  2.8663030e-01
  2.1305045e-01
 -2.0486695e-01
 -4.9709145e-02
  1.3805462e-01
 -3.0702676e-03
 -6.1180681e-01
 -1.6723590e-01
  4.4031882e-01
 -5.7713759e-01
 -3.8474113e-02
 -5.1265240e-02
  6.8137720e-02
  3.1710255e-01
 -2.3888682e-01
 -3.0255169e-01
 -1.2434492e-01
  1.1374477e-01
  2.0824043e-01
 -1.9922306e-01
 -2.2131597e-01
 -2.3951653e-01
 -3.0032311e-02
 -3.2860391e-02
  4.9632055e-01
  9.2325129e-02
 -7.5659305e-01
 -1.2206273e-01
  4.3509075e-01
 -6.3042730e-02
  6.7411208e-01
  1.3617173e-01
 -4.6080321e-01
  2.5384811e-01
 -3.7257761e-01
 -1.7078768e-01
  2.1895488e-01
  2.9069318e-02
 -2.3948309e-01
  9.3118556e-02
  1.0767560e-01
 -2.1467763e-01
 -5.7103734e-02
  3.0729371e-01
  1.2669267e-01
 -9.3374550e-02
  3.0118402e-02
  4.4833176e-02
  6.7677334e-02
 -1.5144072e-02
  1.1254775e-01
  3.6646661e-01
 -8.5135696e-05
 -1.4072596e-01
 -2.1223854e-01
 -9.1180362e-02
 -6.4468071e-02
 -9.7440638e-02
  4.9032614e-02
  1.4043517e-02
 -6.5177701e-02
 -2.0698499e-02
  2.5467616e-02
  1.4166823e-02
  1.4601066e-02
 -1.1521756e-02
 -6.7537311e-03
 -1.8135622e-02
 -3.5626590e-02
 -2.2724381e-02
  1.3258384e-02
 -5.4594740e-02
  2.0927964e-03
  2.6553294e-02
  3.6372119e-03
  1.9629305e-02
 -1.4305100e-02
 -1.6774062e-02
  1.7521337e-02
 -1.5207786e-02
 -7.5352599e-04
 -2.1818085e-02
  1.9437639e-02
  4.0013450e-03
 -2.1747064e-03
  1.4185704e-02
  1.6859142e-02
 -3.0991280e-02
  5.0716903e-03
  3.1601571e-02
  4.3812399e-03
  1.2805952e-02
  5.9287623e-03
  4.0022250e-02
  3.9505266e-02
  1.3548874e-02
 -2.7869230e-02
 -1.6638197e-02
 -4.2206608e-03
 -5.8564227e-03
  1.9296132e-02
  1.2481946e-02
  1.5345908e-02
  2.5315998e-02
  3.4772035e-02
 -8.8999076e-03
  2.1975862e-03
 -4.3370533e-03
  1.3515068e-02
 -7.2785099e-03
 -1.1763768e-02
 -1.2218275e-02
  8.2593653e-03
 -9.2014503e-03
  2.8865342e-03
 -2.7340455e-02
  1.3743373e-02
  6.8479741e-04
 -1.1546491e-02
 -1.6072739e-02
  1.7562887e-02
  6.4510023e-03
 -4.4232528e-03
  1.0851800e-02
  1.8193676e-03
 -6.9428901e-03
  4.3825582e-03
  6.0103510e-02
  3.4841057e-02
 -7.9223633e-02
 -1.3823502e-01
 -1.3098742e-01
 -3.4974681e-03
 -3.1693291e-02
 -8.6580217e-03
  1.9302906e-02
 -1.6251929e-01
 -3.4336615e-02
  5.1547617e-02
  3.7094437e-02
  1.6849762e-02
 -2.2620764e-02
  3.7214182e-02
 -1.6472140e-02
 -7.7285945e-02
 -1.0476655e-04
  7.4761547e-02
 -8.5820984e-03
 -5.1999451e-03
  1.5187752e-02
  6.2066428e-03
  4.1579079e-02
 -1.2223261e-01
  1.6147384e-02
  4.9219616e-02
  4.9672658e-03
  8.1852123e-02
 -5.4740026e-03
  2.7200758e-01
  7.2979920e-02
  1.2235487e-01
 -7.8033760e-02
 -1.4335568e-01
 -3.0004832e-01
 -3.7838105e-02
 -1.1521620e-02
  4.0407624e-02
  3.2361657e-03
  9.4103470e-02
  7.3248461e-02
 -1.3119762e-01
  1.3703525e-01
  4.5884535e-02
  4.2729545e-02
 -9.2870116e-02
 -2.0299030e-02
 -1.1277597e-02
 -1.6826408e-02
 -2.3731485e-02
  4.1323001e-03
 -2.9712502e-02
 -7.4572694e-03
  1.4573629e-02
 -3.2287110e-03
 -5.7764007e-03
  3.3725337e-03
  1.3837970e-02
  6.9816962e-02
  3.4685411e-02
 -3.1503949e-02
  9.1794189e-03
  1.9339543e-02
 -1.1599809e-01
 -6.8107117e-03
 -2.6878265e-01
  2.8646916e-01
 -6.9832519e-02
 -1.5236586e+00
  9.2744088e-01
 -1.7335196e+00
 -1.0930288e+00
 -2.0882630e+00
 -1.0341047e+00
 -1.4775218e-01
  4.6723416e-01
  1.0789874e+00
  2.8705362e-02
 -4.2853066e-01
  8.7808585e-01
 -2.2967361e-01
  2.5599650e-01
 -9.5528550e-02
 -4.8228359e-01
  1.6507262e-01
  1.2635504e+00
  4.1639715e-01
  9.1587800e-01
  2.8880993e-01
  1.8475479e-01
  1.2575588e-01
  5.1439029e-01
  1.4689561e+00
 -1.3468975e+00
 -7.5279635e-01
  1.0040497e+00
 -6.1856622e-01
  4.5015371e-01
 -3.6453328e-01
  1.5098728e+00
 -1.6887790e+00
 -8.8296884e-01
 -3.0180609e-01
  4.7125012e-01
 -4.4674817e-02
 -5.6420274e-02
  4.5398690e-02
  1.8792371e+00
  4.1882789e-01
  6.2916124e-01
 -6.2104386e-01
 -7.3188812e-01
  2.0076033e-02
 -1.8960938e-02
  3.1713501e-01
  8.4525861e-02
  3.8016286e-01
  1.9471738e-01
  3.4926960e-01
 -2.1069428e-01
  1.4986239e-01
 -1.4418070e-01
  3.2212511e-03
 -1.1500372e-01
  5.0681699e-02
 -5.4597475e-02
  1.8049683e-01
 -4.1628592e-02
  1.0649270e-02
  3.0303586e-01
 -3.7081510e-01
 -6.4708090e-01
  1.1462184e+00
  9.6608758e-02
  1.0336472e+00
  7.2376907e-01
  5.0651628e-01
 -1.8065324e+00
 -8.9443201e-01
  5.5953944e-01
 -4.7777918e-01
 -8.2499200e-01
 -3.1912711e-01
  1.4637513e-01
 -9.1778523e-01
  5.9740043e-01
  7.5477576e-01
 -2.0541407e-01
 -2.1375337e-01
 -5.9157580e-01
  4.0758294e-01
  3.5788983e-01
 -6.6990212e-02
  6.1714947e-01
 -2.0576210e-01
 -1.0006795e+00
 -9.3927103e-01
  3.3809933e-01
 -4.8141715e-01
  9.8182750e-01
 -1.9455233e-01
 -2.2209647e-01
  6.4680934e-01
  8.7209129e-01
  3.5465419e-01
  4.5985892e-01
  3.0762118e-01
 -5.1344246e-01
 -1.3971772e+00
  7.5400996e-01
  4.6606943e-01
 -2.5222954e-04
  1.7658648e-01
 -3.3862150e-01
  3.5177115e-01
 -6.7148864e-01
  3.2320178e-01
 -4.9354640e-01
 -1.8128438e-01
  3.0010822e-01
 -2.6669267e-01
 -1.0864447e+00
  3.1989649e-01
 -9.0076923e-01
  4.3534729e-01
  2.8155231e-01
  8.0602968e-01
  1.5054882e-01
 -6.8912961e-02
  8.1369586e-02
  2.0817201e-01
  1.4861649e-01
  4.6438169e-02
  2.2603539e-01
  3.9151147e-01
  4.0008509e-01
  1.6234972e-01
 -1.2638996e+00
  1.2680676e+00
 -6.7047977e-01
 -1.2885703e-01
  2.1129973e-01
  4.3471193e-01
  3.0507329e-01
 -4.7001936e-02
  1.6143395e+00
 -3.4952980e-01
  2.2430956e-01
 -5.9683186e-01
 -1.1857656e-01
  1.4560038e-01
  1.1334910e+00
  3.4322518e-01
 -2.2727652e-01
 -1.3582759e+00
 -3.1171766e-01
 -1.8054396e-02
  2.0139496e-01
 -2.4852005e-01
 -5.3698367e-01
 -6.9781765e-02
 -3.0799115e-01
  2.1945372e+00
  1.9191107e+00
  9.5023729e-02
  1.2478444e-01
 -1.5096690e-01
 -3.0533907e-01
 -4.5874915e-01
 -5.5053808e-02
 -1.4799412e+00
  5.7272679e-01
  4.7641873e-01
 -1.2721580e+00
 -4.2403865e-01
 -3.9235842e-01
 -1.9607481e-02
  2.9549580e+00
  4.6367145e-01
 -9.7422548e-02
 -2.7617571e-01
  5.2746278e-01
 -3.0316612e-01
  8.8357642e-02
  1.4062363e-01
  4.6537381e-02
 -2.9104415e-02
  3.0389825e-01
 -5.1160954e-02
  8.5226560e-01
  4.0695947e-01
  2.9360065e-02
  8.9067832e-02
 -1.2490817e-01
 -1.4269250e-02
 -7.0905588e-03
  1.3796000e-01
  4.8127439e-02
  4.7212294e-03
  4.1371211e-01
  3.5528955e-01
 -1.5874004e-01
 -1.6584255e-01
 -3.0797455e-01
  5.3792667e-01
 -2.3297511e-01
  2.1393301e-01
 -6.2219554e-01
 -6.1718923e-01
 -4.5342359e-01
  1.0259479e+00
 -2.4035246e+00
  1.7709164e-01
  8.3000857e-01
 -1.8726572e-01
  1.3970898e-01
  5.8340412e-01
 -3.4108144e-01
 -1.1940784e-01
  1.1723216e+00
 -3.3597499e-01
 -4.7032595e-01
  8.9732152e-01
 -3.0541125e-01
 -1.6636536e-01
 -1.4996597e+00
  4.2824936e-01
 -4.9634492e-01
  8.9866954e-01
  3.8742285e-02
 -1.0827721e+00
  4.3310693e-01
 -3.9298978e-01
  6.8240672e-01
  7.2096425e-01
 -4.2893492e-02
 -1.1977502e+00
  1.2505534e-01
  3.6828136e-01
 -9.0578049e-02
  6.5692708e-02
 -3.0003744e-01
  5.1864964e-01
 -6.6456240e-01
  7.4882448e-01
 -3.2822037e-01
 -6.3680440e-02
  3.3642557e-01
 -1.6490681e-01
 -4.8093189e-02
  1.2966572e-01
  7.2927758e-02
  1.3600858e-01
  2.4716181e-01
 -6.8793237e-02
 -1.0682097e-01
 -9.4048992e-02
 -5.1518404e-01
  2.2894990e-02
  1.0526758e-01
 -1.6396400e-01
  1.5181768e-01
  2.9991735e-02
 -4.0978134e-02
 -3.4878302e-02
  8.4148180e-03
  4.3761417e-02
  4.1818530e-03
  2.6367828e-02
  2.6668437e-02
 -3.5667613e-03
 -1.2346281e-02
  5.5578683e-02
  2.7605457e-02
 -2.2949374e-03
 -4.9709273e-03
 -1.4337053e-02
 -2.2520250e-02
 -1.7708121e-02
 -9.2123998e-03
  4.0799525e-02
 -1.8298291e-02
  6.1831055e-03
 -9.1052689e-03
 -1.3290887e-01
 -1.1454412e-02
 -5.4740170e-03
 -2.2199893e-02
  5.4638900e-02
  3.7322505e-03
 -2.3953455e-02
  1.0543576e-02
  1.2833037e-02
  1.2970761e-02
 -3.1514384e-02
 -2.8296001e-02
 -4.4433713e-02
  3.6641356e-02
  2.1822022e-02
 -3.4773631e-03
  2.9231902e-02
 -2.3786781e-02
  1.0581954e-02
  1.2960389e-02
 -1.5501222e-03
 -1.9314341e-02
  4.4842198e-02
 -1.3910117e-02
 -1.6900845e-02
 -1.4352401e-02
  3.8228776e-02
  4.6756594e-03
  6.2658670e-03
  5.6727178e-04
  8.4100468e-03
  1.1357997e-02
  1.3301223e-02
 -1.0306817e-02
 -6.6313324e-03
 -9.2918398e-03
  3.4278180e-03
 -2.1151880e-02
  3.5724629e-04
 -2.9370448e-02
 -7.9330280e-03
 -4.7668588e-04
  3.4543877e-03
 -1.7248999e-03
 -4.2951313e-01
 -6.1065882e-01
 -1.1360274e-01
 -1.1915947e+00
  7.8254032e-01
  6.6546917e-01
  1.3270526e+00
 -1.6228076e+00
 -1.2508787e-01
  4.2660565e+00
  7.5216097e-01
  1.8368701e+00
 -5.2342623e-01
 -1.0290924e-01
 -4.7198451e-01
  1.0243311e-01
 -4.6657968e-01
  5.4250503e-01
  1.2647909e+00
  4.8470947e-01
  2.3478875e+00
 -1.9477825e-01
 -5.8230162e-01
 -4.2800802e-01
 -3.1839229e-02
 -2.0441012e-01
  2.6229072e+00
  1.9698842e+00
  3.1504882e-04
  3.5218430e-01
 -2.8789172e-01
  1.8763884e+00
  7.8059089e-01
  1.0119188e+00
 -4.0796256e-01
 -2.2940528e-02
  2.8431758e-01
 -2.5403497e+00
 -9.3708861e-01
  1.1320816e-01
 -3.5425985e-01
  1.7996097e-02
  8.7634958e-02
  3.9794269e-01
 -1.2278789e+00
  6.2333941e-02
  7.6019116e-02
 -4.8756897e-01
  3.8266793e-01
  1.8407691e-01
  9.8453633e-02
  2.9136887e-01
  2.6787019e-01
  1.3008087e+00
  3.2580525e-01
  3.1027097e-01
 -1.8500391e-01
 -3.8684511e-01
  1.5768261e-01
 -9.8247245e-02
  1.3408430e-01
  1.0392372e-01
 -1.2072083e-01
 -8.1799574e-02
 -1.9207906e-02
  1.7942240e-02
  3.2742368e-03
  1.1257133e-02
  5.0031058e-03
 -9.0290587e-03
  1.7708899e-02
  4.6036323e-03
 -2.2729196e-02
  8.6945733e-03
 -6.4796535e-03
  1.2951032e-02
 -3.7930873e-03
 -2.2644956e-02
 -1.5878795e-02
  8.1724850e-03
  7.1201073e-03
  3.9715209e-04
 -6.4818710e-03
  6.9880311e-04
  2.0936466e-04
  1.5824867e-02
 -2.2522090e-02
 -4.3356225e-02
  8.1158513e-03
  1.2024421e-03
 -2.8662486e-03
  1.8640656e-02
 -1.1157020e-02
 -5.9947190e-03
 -2.0709347e-05
 -1.2143337e-02
 -1.0456986e-02
  4.2278687e-03
  1.9533434e-03
 -1.5657915e-02
  1.6878689e-02
 -1.0063877e-02
 -4.8275178e-04
  1.2353954e-02
  4.2797904e-03
 -1.6298037e-02
  1.2802605e-02
  4.6979439e-02
  5.1007150e-03
  1.4095008e-02
  4.2565414e-03
  1.3873660e-02
 -1.8540110e-02
  1.0413807e-03
  2.2164027e-03
 -1.0068174e-02
  4.7087930e-03
  9.6321721e-03
 -1.6979739e-02
 -2.0839152e-04
  1.2066279e-02
  9.3484120e-03
 -1.5046712e-03
 -7.6215388e-03
 -1.9950909e-03
 -1.5405588e-02
  5.5890619e-03
  1.1308718e-02
  7.8242384e-03
  8.5899374e-03
 -9.9410094e-02
 -2.6315445e-01
  8.1772965e-01
  3.3378515e-01
 -1.3111778e+00
 -8.1794560e-02
 -4.6180852e-02
  3.0848667e-01
  7.5681490e-01
 -9.4154298e-01
 -7.2583026e-01
  4.1261265e-01
 -3.5946470e-01
 -3.7930945e-01
 -7.4538451e-01
 -2.3299438e-01
  1.1153324e-01
  3.0855875e-02
 -6.2070686e-01
 -2.9409146e-02
 -1.7911522e-01
 -6.5898454e-01
  6.8657315e-01
  1.5488173e-02
  7.0680853e-04
 -2.5526848e-01
  5.5849808e-01
 -1.7275821e+00
  1.5417589e-01
  1.0951262e+00
 -6.6011029e-01
 -8.4125894e-01
 -9.6837223e-01
  5.9636402e-01
  7.7856654e-01
 -4.1396147e-01
 -2.3768265e+00
 -9.0069640e-01
 -4.2408076e-01
  5.0176805e-01
 -2.5008900e-02
  6.0862142e-01
  5.9610868e-01
  5.1949769e-02
 -4.1948202e-01
  1.3986488e-01
  1.4222263e-01
 -6.4411098e-01
 -4.5683539e-01
  3.2015696e-01
  2.5815031e-01
  1.0754143e-01
  2.2696140e-01
  6.3267428e-01
  2.7640203e-01
  3.3249101e-01
  1.7915715e-01
 -3.7171055e-02
  3.4655411e-02
  1.7954704e-01
  7.8234367e-02
  1.9291157e-01
 -6.4728133e-02
 -6.6677384e-02
  4.2979002e-02
 -1.0856765e-02
 -4.6998866e-02
  2.3224464e-02
  6.3102871e-02
 -1.2604066e-02
  1.9834457e-02
  7.5066052e-02
 -7.0449472e-03
 -1.8867264e-02
  1.4574666e-01
  5.4694872e-02
 -1.0980284e-02
 -4.5089708e-03
 -1.2938441e-02
 -2.1616265e-03
 -2.5994655e-02
  1.0582963e-02
  3.0640833e-02
  1.3636771e-03
  6.8120519e-03
 -3.6288198e-02
 -7.3246295e-03
 -3.9123364e-02
 -2.8360082e-02
 -5.3910550e-02
  9.2676297e-02
 -2.9790897e-03
 -6.8858899e-02
 -7.6934723e-03
 -5.2783906e-02
 -6.6961804e-03
 -6.3821487e-02
 -2.6236292e-02
  3.6989120e-03
  8.4369220e-02
  1.0614095e-01
 -2.8690534e-02
  3.7006326e-02
 -3.2234445e-02
 -1.5120100e-02
 -5.6335730e-03
 -6.7857057e-02
  4.7926400e-03
  9.2507757e-02
 -6.2313952e-02
 -2.2988694e-02
 -3.6865447e-02
  6.2064059e-02
  3.6046319e-02
 -1.4955110e-02
  1.0320691e-02
  1.8120147e-02
  2.3108056e-02
  5.8074936e-02
 -1.0934848e-02
 -9.4179055e-03
  1.3739758e-02
  3.6992577e-03
 -3.2141928e-03
 -4.5124199e-02
 -8.2621619e-02
 -2.5299560e-02
  5.8058243e-02
  1.1945608e-02
 -2.9686825e-02
 -1.8591715e-02
 -4.2661831e-02
  1.9234270e-02
  6.4321168e-02
  8.5463963e-02
  4.4102356e-02
  9.9776343e-02
  4.9140868e-03
 -5.3124268e-02
  2.0600016e-01
  7.0914797e-02
 -7.6021381e-02
 -6.5481635e-03
 -5.1765535e-02
  6.0759604e-02
  1.0779980e-01
  5.4932465e-03
  1.1157241e-01
 -5.8745820e-02
  1.3761721e-02
 -1.4189246e-01
 -1.3167393e-01
  2.1502344e-02
 -9.1110192e-02
 -1.2759472e-01
  3.4528140e-02
 -1.0631379e-01
 -1.1793065e-01
 -5.3990960e-02
 -1.6185185e-02
  3.7843648e-02
  9.8366357e-02
 -1.7600931e-01
  9.8978626e-03
  1.2377562e-01
  2.1178071e-01
 -1.3777937e-01
  6.3864902e-02
 -8.5923456e-02
 -2.7384403e-01
  1.9513485e-01
  1.2242474e-01
  1.4607269e-01
  1.5151407e-01
 -7.0517495e-02
  2.1642204e-02
 -4.1117702e-02
  6.1290611e-02
  2.1971412e-02
 -3.7272003e-02
 -1.0372505e-02
  1.4147783e-02
  2.0844853e-02
  7.2185747e-02
  5.9169974e-02
 -2.4118384e-02
  5.3408770e-03
 -1.4772783e-02
 -5.4831048e-03
 -4.0769760e-02
 -1.1648053e-01
 -5.5093650e-02
  5.3989626e-02
  4.8572063e-03
 -1.9942420e-02
 -7.0270574e-01
  2.9639998e-01
 -3.9789088e-02
  5.7098150e-01
  6.0238534e-01
  4.0407187e-01
 -2.4751019e-01
 -1.0969858e+00
  2.0593643e+00
 -1.1342022e+00
 -6.6840553e-01
 -5.8949405e-01
 -5.2182281e-01
  4.1368121e-01
  3.1102824e-01
 -1.6967553e-01
  4.3436015e-01
  6.3311493e-01
  9.9787897e-01
  6.6976053e-01
  1.8012354e+00
  4.8710264e-02
 -9.6481788e-01
 -1.7349781e-01
 -3.2845625e-01
 -1.1598490e+00
 -1.6892536e+00
 -6.7843336e-01
  6.5130460e-01
  2.0062964e+00
  7.7849633e-01
 -1.3158904e+00
  3.8357994e-01
  1.8508654e+00
 -4.5080069e-01
 -1.3626908e+00
  1.0459998e+00
 -3.2418647e-01
 -1.7668988e+00
  6.9545843e-02
  2.0992760e-01
 -1.8215163e+00
  8.5069609e-01
  9.3142962e-01
  8.6854154e-01
 -7.0173913e-01
 -3.3840385e-01
  2.8055263e-01
  9.7126979e-03
  1.9178411e-01
  3.2436275e-01
  4.7661543e-01
 -7.8633398e-02
 -7.3589921e-01
  1.6063677e-01
 -4.7672063e-01
  6.0675096e-02
 -9.5727570e-02
 -1.3844314e-02
  9.1607630e-04
 -2.1650113e-01
 -1.1472438e-01
 -1.0776343e-01
 -2.7006349e-02
  9.0830192e-02
 -1.9228648e-01
 -3.6439854e-01
 -1.8151584e-01
 -3.6217523e-01
 -6.8828326e-01
  1.3034631e-01
  1.1163434e+00
  9.2215024e-02
 -9.2419970e-01
  1.3860842e+00
 -1.3457419e-01
 -7.4408621e-01
  5.4290843e-01
  2.4429788e-01
 -2.4256848e-01
  1.6767803e-01
  5.8693719e-01
  2.2539374e-01
  3.4146005e-01
 -2.6219267e-01
  6.3344449e-01
  5.9031421e-01
 -6.6411205e-02
 -9.2007935e-02
  2.9389358e-01
  6.9846684e-01
 -7.4903798e-01
  7.3553425e-01
 -1.8691370e-01
  2.7022588e-01
  1.4646897e+00
  9.0514332e-02
  6.0251379e-01
  2.5924432e-01
  4.5269319e-01
 -2.6883140e+00
 -1.5364334e-01
 -1.2897840e-01
 -6.7143101e-01
  1.9589854e+00
  3.8347845e-03
  2.0423898e-01
 -2.4063209e-01
 -5.1168251e-01
  1.0762641e+00
 -5.7777268e-01
 -7.6568300e-01
 -3.9640203e-01
  1.6592729e-01
 -2.7594435e-01
 -3.8234165e-01
 -4.1976087e-02
 -2.4063113e-01
 -7.1175772e-01
  1.1747031e-01
  6.1965114e-03
  2.5505123e-01
  3.6333641e-01
 -1.4233682e-01
 -7.9274751e-02
  6.3266307e-02
  7.2845630e-02
  1.8014297e-01
  3.0751649e-01
  3.5174079e-02
 -7.3930724e-03
 -3.5137139e-02
  4.9628161e-02
  1.8212095e-02
 -1.2523493e-02
  4.0849254e-02
  5.5691309e-02
  2.6031747e-02
  4.7583081e-02
  1.4752933e-01
  4.9098544e-02
 -5.0199743e-02
 -1.6273651e-02
 -1.1287428e-03
  4.0917244e-02
 -3.2009754e-02
  1.9668404e-03
  6.6769123e-02
 -1.9466175e-02
  7.4929795e-03
 -4.9976736e-02
 -4.0146232e-02
 -3.9284341e-02
 -3.5531435e-02
 -3.4792848e-02
  6.5579064e-02
 -6.1542708e-02
 -9.8572604e-02
 -2.8385105e-02
 -3.2401070e-02
  1.5956308e-01
 -6.5192625e-02
 -2.4177299e-03
  4.6213571e-02
  5.9307247e-02
  7.5375937e-02
 -4.0174592e-02
  6.1660659e-02
 -3.8424306e-02
 -4.4056527e-02
  7.3099933e-03
 -5.7547927e-02
 -5.2368466e-02
  6.1659001e-02
 -8.5832685e-02
 -1.9507453e-02
 -4.5085337e-02
  6.2533513e-02
  2.0089457e-02
  2.1145292e-02
  1.7427398e-02
  1.2762566e-02
  2.4660674e-03
  2.2678513e-02
 -1.8307695e-02
 -2.2558121e-02
  1.0974229e-02
 -1.2433856e-02
 -3.1061845e-03
 -2.1542961e-02
 -3.4062028e-02
 -3.2675426e-02
  1.1125107e-02
 -5.4699588e-03
 -1.4550051e-02
  1.0320568e-01
 -6.3103981e-02
 -5.2470393e-02
  1.1818526e-01
 -1.7894246e-01
 -2.6249576e-02
 -1.2651069e-01
 -9.3355104e-02
  3.5212658e-02
  1.5391067e-01
  2.5180215e-02
 -4.7103819e-02
  4.0647298e-02
 -5.9779830e-02
  1.2149736e-01
 -1.2668681e-01
 -3.9153975e-02
 -8.0169991e-02
 -2.6939186e-01
  1.4132006e-01
  2.7358636e-01
  5.0834119e-01
 -1.8262170e-01
  9.9538922e-02
  1.6107245e-01
 -2.0660196e-01
  2.1526521e-01
 -2.0562333e-01
  2.3111264e-01
 -3.3184286e-02
  2.4467055e-01
  9.4511755e-02
  4.3040863e-01
 -4.7152042e-01
 -1.3641064e-01
 -1.0845356e-01
  3.1930247e-01
 -3.0762413e-01
  1.3506880e-01
 -2.6234296e-01
 -1.0031454e-01
  1.6636556e-02
 -2.4406292e-02
 -2.2148652e-01
  6.4181216e-02
  1.4685383e-01
 -4.0711399e-02
 -6.1569043e-02
 -9.1820303e-03
  1.3848557e-01
 -3.5488643e-02
  3.0118722e-02
 -1.5185137e-02
 -1.5565088e-01
  1.0934096e-02
  5.0305031e-02
 -5.5364493e-02
 -2.9005306e-02
  5.9791438e-02
  5.3211734e-02
  1.3594814e-01
  2.7120341e-02
 -7.7610433e-02
 -1.9269282e-02
  1.2054255e-02
 -6.0492355e-01
  1.9202593e-01
 -1.0854032e+00
 -3.8603327e-01
 -2.3467913e+00
  5.7833892e-01
  1.9084162e-01
  1.8401267e-02
 -3.9108425e-01
 -1.0349452e+00
  1.8911956e-01
 -2.2040641e-01
 -6.0268503e-01
  9.7785509e-01
  2.6658842e-01
  1.0629914e+00
 -7.9548138e-01
  1.7995006e-01
 -6.8954098e-01
  3.1877840e-01
 -2.5509876e-01
 -3.0466184e-01
  1.3509861e-01
  1.3761947e-01
  1.9910356e-01
  8.0588244e-02
  5.4436016e-01
  2.4404183e-01
  4.6621954e-01
 -1.6263119e+00
  9.4061667e-01
  5.5756688e-02
 -1.1970192e+00
  8.7856233e-01
  8.7012984e-02
 -1.4370724e+00
  3.0468091e-01
 -1.8024466e+00
  4.6001512e-01
  4.2229056e-01
  6.8773425e-01
  7.5855874e-02
  2.0197162e-01
 -3.1150061e-01
 -1.4410429e+00
  4.7912300e-01
  5.6196660e-01
  6.5585077e-01
 -2.1133423e-01
  1.2487303e-01
 -8.0934212e-02
 -2.9862803e-01
  6.2176026e-03
  1.1673374e-01
  2.0488189e-01
 -2.2495333e-02
 -9.3453459e-02
  1.0099600e-01
 -2.9831353e-01
  7.0554622e-02
 -1.5013589e-01
 -1.0543223e-01
  5.8873996e-02
 -1.7213106e-01
 -3.2774836e-02
  1.8294534e-02
 -5.2609448e-03
 -4.4474211e-03
 -4.8933122e-03
 -1.5036687e-02
  1.9676063e-02
  1.3756718e-02
  3.9536310e-03
  2.0446736e-02
 -6.0626145e-02
 -2.0464586e-02
 -1.3111596e-02
 -4.7418852e-03
  4.8953686e-03
  1.1669204e-02
  2.8327189e-02
 -1.1457021e-03
 -2.7420431e-02
  2.0973188e-05
 -4.5825294e-03
  1.3399374e-01
 -2.6732564e-03
  1.6901206e-02
  4.6767024e-03
  1.5952896e-02
 -3.2800756e-02
  4.4936006e-04
  2.6361661e-02
 -5.1825022e-04
  3.7450923e-03
  2.5590824e-02
  7.5054849e-03
  2.6496729e-02
  4.4969551e-02
 -1.4714197e-02
 -2.8481726e-02
 -8.1575140e-03
  1.5225391e-02
  1.8936937e-03
  1.7932732e-02
 -2.3298305e-02
  1.1517718e-02
  3.7546165e-03
 -2.2391645e-02
 -3.4119650e-03
  1.4958666e-02
  2.7160512e-03
 -1.0980339e-02
 -4.9056439e-03
  1.4750773e-02
  8.2905348e-03
  1.6124951e-02
 -9.6840169e-03
 -1.0066012e-02
  5.2772113e-03
  2.0093783e-03
 -1.8955076e-02
 -1.4040258e-03
  1.8779697e-02
  4.2882813e-03
  2.8227203e-02
  1.9907385e-02
 -1.0470674e-02
 -3.2004954e-03
 -1.0223068e-02
 -1.7189109e-01
  1.4415985e-01
  1.1329611e-01
 -3.1365502e-01
  1.4508138e+00
  2.4939890e-01
 -9.8307975e-02
  1.4988751e+00
 -1.4519216e-01
  2.0304868e+00
  3.7109405e-01
  6.6542977e-01
  2.1685068e-01
  2.4875365e-01
 -7.6721154e-02
 -4.4319633e-01
  3.5663176e-01
  1.9276579e-01
  3.7639268e-02
 -3.4464058e-02
 -6.0102147e-01
 -9.2744398e-01
 -5.6582432e-02
  1.7267177e-01
 -1.1025672e-01
  3.0718045e-02
 -1.0897901e+00
 -8.1412874e-02
 -2.4298519e-01
  2.0884663e-01
 -1.1165123e+00
 -1.4738612e+00
  1.8585710e-01
  1.3931918e-01
 -7.9004899e-02
  4.3688718e-02
 -4.7319862e-01
  2.0007306e-01
  7.5672871e-01
 -3.5323966e-01
 -1.6867569e-01
  1.8287045e-01
 -4.8928902e-02
 -2.8548688e-01
  1.8923713e-01
 -8.8792190e-02
  5.1417917e-02
 -3.5148424e-03
 -2.3823397e-01
  7.4456215e-02
  3.1265702e-02
 -2.3075392e-02
 -7.9405069e-02
 -2.6466820e-01
 -2.1096793e-01
 -4.2148303e-02
  1.3300265e-01
 -3.9859213e-02
  1.4020430e-01
  6.4166866e-02
  1.0469151e-01
  8.4187321e-02
 -2.6015313e-02
  1.1949399e-02
  1.0455579e-03
  1.3194098e-02
  3.4424443e-02
 -4.8524462e-02
 -2.6349885e-02
  1.6097996e-01
 -3.9312657e-02
 -7.9894900e-02
 -1.6667228e-03
  1.4108017e-02
 -1.4207764e-01
 -4.1393790e-02
  1.1654139e-01
  2.1414541e-02
  3.2144021e-02
 -1.1167832e-01
  3.0758319e-02
 -1.4454152e-02
 -5.9955601e-02
  3.5400847e-01
 -3.7973754e-03
  4.0386140e-02
  8.9563541e-03
  7.8672610e-02
  5.5301920e-02
  3.7624173e-02
 -6.2942214e-02
  7.5779356e-02
  2.3679352e-01
  1.9522192e-02
  7.8986913e-02
  6.3466635e-03
 -2.7261859e-02
 -6.2121581e-02
 -5.2161638e-02
 -6.6939279e-02
 -7.2596632e-02
  2.3280619e-02
 -8.7836124e-02
  4.2809848e-02
  5.5935636e-02
  1.8898822e-02
  4.6801351e-02
  4.8260856e-02
 -8.3009847e-02
 -2.6877321e-02
  3.1240277e-02
  3.1647489e-03
 -3.4155957e-02
  6.2427148e-03
 -1.1763352e-02
 -2.7995985e-02
 -1.7712444e-02
 -2.4330962e-02
 -5.8149915e-02
  2.4887286e-02
  2.9417161e-02
  4.7917580e-03
 -1.0006486e-02
  2.9298510e-02
  1.5402399e-02
  7.0096336e-02
  2.7905814e-02
 -4.2953540e-02
  1.3107998e-02
  9.3366522e-03
 -1.5810134e-02
  9.2703803e-03
  1.1437196e-02
  7.6262880e-04
  4.7770566e-03
  4.3535288e-03
  1.6467423e-03
  2.4744472e-03
 -2.9595739e-03
  3.8222875e-02
  1.4121364e-02
 -2.3284387e-02
  8.9715468e-03
  1.8206200e-02
  2.9711174e-02
 -2.4583461e-02
 -2.1426341e-02
  1.0386086e-02
 -1.7839633e-02
 -8.7989904e-03
  2.1303536e-02
  1.2650314e-03
  9.9417707e-03
  3.7645230e-03
 -4.2270515e-03
  1.2872504e-02
  2.9034661e-02
 -9.1548692e-03
 -1.4282187e-02
  8.4093194e-03
  2.1601116e-02
 -5.4294439e-03
 -9.6491352e-03
 -2.7214123e-02
  3.6680624e-03
  7.3192366e-03
  1.0891302e-02
 -7.3152338e-03
 -2.5903983e-02
 -1.8623075e-02
  2.1357993e-02
 -1.4120241e-02
 -3.3673428e-03
  1.6970750e-02
 -4.1181128e-03
  2.4731806e-02
 -1.4284493e-02
 -1.0018187e-04
  4.5062887e-05
 -1.1337049e-02
  1.2416792e-02
 -1.0427369e-03
  3.6924076e-03
  1.7135385e-02
 -1.9854722e-03
  2.9597261e-03
  1.1690159e-02
 -1.3291252e-02
  4.7605112e-03
  1.1374498e-02
  2.0561127e-03
 -1.6776752e-02
 -9.2233885e-03
  8.2891621e-03
 -3.1299911e-02
 -3.7062295e-02
 -2.8757991e-02
  4.4348188e-02
  2.8394261e-02
  1.3531655e-02
  2.2258807e-02
  4.3759696e-02
 -8.2097165e-03
 -5.2131936e-03
  8.8017665e-02
  4.7611922e-02
 -4.2416759e-02
 -1.4246527e-02
 -8.8129127e-03
  7.1761939e-03
 -7.5755350e-02
  3.0358464e-01
  6.1469920e-02
  4.6517532e-02
  1.1437708e-02
 -5.0894897e-02
  8.5414825e-03
 -2.1643823e-02
 -7.2577083e-03
 -3.0584851e-02
  4.7334809e-02
 -9.7364802e-03
  6.1292578e-02
 -1.5059099e-02
 -3.2750677e-02
 -1.9748334e-02
 -8.9906529e-02
 -2.6628034e-02
  1.5678544e-02
  5.4580789e-02
  4.7019575e-02
 -7.8689568e-02
  2.9539000e-02
 -3.7151329e-02
 -5.3900819e-02
  9.7575393e-03
 -3.5983808e-02
  2.9675715e-02
  7.7467024e-02
 -4.9360609e-03
  5.4442757e-03
 -2.7916349e-02
  5.5839080e-02
  1.1269079e-02
 -1.5042887e-02
  7.1258759e-03
  1.0245726e-02
 -6.5036030e-03
  4.9937733e-02
  1.9234102e-02
 -2.7122431e-02
  3.1912427e-02
  2.0043248e-02
 -4.0656425e-02
 -4.1103959e-03
 -4.8349589e-02
 -6.3497862e-03
  1.7916851e-02
 -1.0514044e-02
 -1.3859085e-02
 -1.0529554e-01
 -5.4097444e-01
 -6.1593455e-01
 -4.9357527e-01
  1.1562215e+00
 -2.2952937e-01
  6.0952294e-01
 -2.2077864e-01
 -5.6495363e-01
 -1.5048008e+00
 -1.3874812e-01
 -1.4402769e+00
  4.3246776e-01
 -8.8232595e-01
  2.4169413e-02
 -8.8328773e-01
 -1.0785918e-01
 -1.6883752e+00
 -3.3688813e-01
 -9.3875724e-01
 -7.8912300e-01
 -2.0746368e-01
 -7.2365627e-02
 -5.2562046e-01
 -7.6254243e-01
  3.3315125e-01
 -8.6688572e-01
  8.3266306e-01
  3.1705382e-01
  8.9285356e-01
 -1.4758757e+00
  4.0534749e-03
  4.1979820e-01
 -4.7361702e-01
  7.4818254e-02
  2.0217035e+00
 -3.6469743e-02
 -4.1020477e-01
  9.3254142e-02
  3.1512135e-01
 -4.8421475e-01
 -3.4479678e-01
 -2.5475857e-01
 -2.8405368e-01
  5.8823240e-01
  2.2105911e-01
 -4.9926195e-02
 -4.1019225e-01
 -7.0712371e-03
 -1.7681044e-01
  1.0869582e-01
  2.3162179e-01
 -1.1249335e-01
 -3.8071194e-01
  2.1087168e-02
 -1.4043923e-01
 -5.6647396e-01
 -1.0296540e-01
  5.3430114e-02
  1.5551420e-01
  1.9937381e-02
  1.0358977e-01
 -1.4414199e-01
  2.7225159e-02
 -2.4154067e-02
 -1.9687258e-02
 -4.8307879e-03
  2.2018658e-02
  1.3136783e-01
  1.3695687e-01
  3.6683220e-02
  4.8104826e-02
  3.6972277e-02
  1.9777694e-01
  2.0271422e-01
  5.3827908e-02
 -5.9734587e-02
  1.6983891e-02
 -7.7906705e-02
 -4.9215566e-02
 -8.4360793e-02
  2.2931444e-02
  4.7507841e-02
  2.8583655e-02
  7.7063404e-04
 -7.4019104e-02
 -3.1280868e-02
  1.1713970e-02
  1.6065378e-02
 -8.3079576e-02
  7.6781109e-02
 -5.6914032e-02
 -1.6669704e-02
  3.9086991e-04
 -1.0553570e-01
 -1.1515530e-01
 -9.3527809e-02
 -1.0741029e-01
 -3.7492737e-03
  6.4892419e-02
  3.0716037e-02
 -5.7385147e-02
  5.2754536e-02
  5.3800590e-02
  6.1633509e-05
  3.3078358e-02
  3.7433147e-02
 -1.0077406e-01
  1.1427025e-01
 -7.3950551e-02
 -2.6170101e-02
 -4.0394139e-02
  4.2731628e-02
 -1.0339566e-02
 -1.3151672e-02
 -2.9928848e-04
 -3.4966622e-03
  2.0668995e-02
  4.7923293e-02
 -7.9372367e-03
 -3.1438738e-02
 -1.3511265e-03
 -6.2087486e-03
 -4.6041016e-03
 -3.6644612e-02
 -6.6506483e-02
 -3.4487847e-02
  3.1960025e-02
  1.4116580e-02
  1.7813919e-02
 -2.7800456e-01
 -2.0753385e-01
  5.8095050e-01
 -9.0947235e-01
 -1.0402528e+00
  9.8848724e-01
  1.1273418e-01
  2.6359501e-01
 -1.0635260e+00
  1.9459327e-01
  9.9434383e-02
 -6.9020557e-01
 -3.9700490e-01
  8.2534313e-02
  9.1624908e-02
  3.0228627e-01
 -1.0911530e-01
 -1.0418589e+00
 -5.8604854e-01
  1.9661342e-01
  7.2066885e-01
 -2.1472006e-01
  6.8079215e-01
  4.9064872e-01
 -4.4168565e-01
  1.0257394e-01
 -3.3970368e-01
  1.3401806e+00
  5.6774718e-01
  5.1545405e-01
  1.9164522e-01
  1.1195419e+00
  9.3261617e-01
 -9.1164845e-01
 -3.3741787e-02
 -7.4291356e-02
  3.1828746e-01
 -1.4724102e+00
 -4.9784425e-01
  3.3011839e-01
 -7.7561998e-01
  1.2152018e-01
  7.4280158e-02
 -6.4954782e-01
  2.3193674e-01
  4.0978521e-01
 -8.5210782e-01
  3.9632538e-01
 -3.4641275e-01
 -9.2627846e-02
 -6.9937766e-02
 -3.0400485e-01
 -5.3364400e-02
 -7.3599875e-02
  3.7279108e-01
  1.1855828e-01
  8.2355857e-02
  1.8082181e-02
  6.4336739e-02
  2.1583555e-02
  1.2932989e-01
  5.3962030e-02
 -1.3354057e-01
 -2.9139780e-02
  1.3738312e-02
  5.0000241e-04
  1.6043825e-03
  9.7715491e-03
 -1.6184960e-02
 -1.3096170e-02
 -6.2726211e-04
  1.4182001e-02
  2.1166096e-03
  2.7856525e-02
 -2.9874979e-02
 -9.4761830e-03
  1.5940959e-02
  2.1156039e-02
  2.1169631e-02
 -2.0294543e-02
  4.3357057e-03
  2.3405689e-04
 -8.1153512e-03
 -1.4978934e-02
  7.3254532e-03
 -1.3571174e-02
  1.6353201e-02
  1.9529046e-02
 -1.5488168e-02
  1.6855629e-02
 -8.6329790e-04
 -1.1617435e-02
  8.3051817e-03
 -7.3910430e-03
  2.5777549e-02
  4.0633719e-02
  1.2659029e-02
 -7.3323413e-03
  4.9880962e-03
 -1.6959414e-02
 -3.9530727e-03
  1.1479291e-02
 -1.9666987e-02
  4.0886798e-03
  2.0364957e-02
  7.5115252e-04
 -6.8663335e-03
  1.0107934e-02
 -7.1688038e-03
  7.6535940e-03
 -2.4308097e-03
  2.0522017e-02
 -1.3492809e-02
  9.4055738e-03
  2.0958104e-03
  4.7485558e-03
  2.3235718e-02
  9.1509670e-03
 -4.2844019e-04
 -1.0913239e-02
 -5.9217243e-03
 -8.9647732e-04
  8.1611779e-03
  1.3229362e-02
 -1.4327174e-02
  3.1948569e-03
  2.0402994e-03
 -2.0104215e-02
  5.6007877e-03
  1.3166534e-02
 -2.1286595e-01
  5.4942608e-01
  1.0311073e+00
 -4.2157963e-01
  2.3973463e+00
  1.7513067e-01
  5.1639587e-01
 -2.4667225e+00
 -2.1424563e+00
  6.3038304e-02
  9.2474520e-02
  1.9262077e+00
  1.1289002e+00
  1.6344237e+00
  7.9132956e-01
 -5.2770001e-01
 -1.5613726e+00
 -7.7371591e-01
  6.4638317e-01
 -1.7209948e+00
 -1.8267056e+00
  7.2647035e-01
  1.0588691e+00
 -1.2890646e-01
  4.1968027e-01
 -1.3106596e+00
 -2.7868822e-01
 -2.1409526e+00
 -5.3990340e-01
 -8.7594116e-01
  2.1651874e+00
  3.2811124e+00
 -6.3856661e-02
  8.0754198e-02
 -7.1340926e-02
 -5.2746570e-01
 -3.8618657e-01
  7.5588286e-01
  8.8077389e-02
 -1.0342511e+00
 -8.5506570e-01
  2.5683804e+00
  2.6100165e-01
 -8.8983071e-01
  9.8775542e-01
  2.1737023e-01
  4.2002684e-01
 -5.9223443e-01
  5.2611285e-01
 -4.1421315e-01
  1.2072331e-01
  2.3130691e-01
  4.4338283e-01
 -9.5346875e-02
  6.2952721e-01
  1.3366543e-01
 -1.1346223e-01
 -4.8379713e-01
  8.4384076e-02
 -4.7082999e-01
  3.9786032e-01
 -1.3553043e-01
  1.7326899e-02
 -4.0538573e-01
  8.0869555e-02
  8.6866214e-04
 -2.6710555e-02
  1.0766309e-02
  6.3658566e-03
  2.3173660e-03
  1.5630543e-02
  7.9420134e-03
  2.3938371e-03
  4.0742145e-03
  5.9862867e-02
  1.5096359e-02
 -7.5720786e-03
  2.4509747e-03
 -2.8354228e-02
 -7.3808716e-03
  7.3142233e-03
 -3.0539591e-02
  2.2158733e-02
 -2.6825045e-03
  9.2471633e-03
  1.2443447e-02
 -2.5649883e-02
 -1.3757286e-02
 -1.2278545e-02
 -3.1495210e-02
  1.7888263e-02
 -1.0531029e-03
 -1.0643078e-01
 -1.2391852e-02
 -3.2208972e-02
  1.8235290e-01
 -1.2883289e-02
  6.7653768e-03
  4.1609877e-04
  2.8093373e-02
  1.6322590e-02
 -3.1420380e-02
  8.5684219e-03
 -1.6354676e-03
 -2.2396967e-02
  2.9682850e-02
  1.2849603e-05
 -1.4703606e-02
  5.7532161e-02
 -2.6714273e-02
 -2.5260536e-02
 -1.2216089e-02
  3.6475539e-02
  3.4073142e-03
 -5.9096850e-03
  9.2802364e-03
 -2.4237086e-03
  3.4939207e-03
  1.9906292e-02
  4.5008007e-03
  1.0315679e-02
  6.3537079e-04
 -1.3152233e-03
 -1.8036522e-02
 -5.1875329e-03
 -1.8224092e-02
 -4.9537360e-03
  2.0607635e-02
 -1.6637355e-02
  7.7741505e-03
  4.7467988e-02
 -8.2904398e-01
  6.7423469e-01
  4.5645249e-01
  9.3138438e-01
 -2.6178014e-01
 -3.4422937e-01
 -1.2919794e+00
 -6.3470250e-01
 -4.6443459e-01
  5.6827360e-01
  4.3939453e-02
  2.2985914e-01
 -2.4607438e-01
 -1.2421818e-01
  7.8411236e-02
 -4.3549782e-01
 -7.8911847e-01
  3.8574544e-01
 -2.6711053e-01
 -3.7353048e-01
 -1.2179797e+00
 -2.4936302e-01
  3.6142847e-01
 -5.0458831e-01
 -4.9829495e-01
  2.7601928e-01
  4.3293443e-01
  7.5242847e-01
 -4.1617399e-01
 -4.0007693e-01
  2.7981633e-01
  9.8579317e-01
 -1.2123888e+00
 -8.0492102e-02
 -7.4559486e-01
 -2.7359334e-01
 -1.0186833e+00
  2.7992803e-01
  2.0750381e-01
 -1.0314788e+00
  6.1306633e-02
 -2.2585871e-02
  4.5682818e-01
 -2.1625020e-02
 -4.5536524e-01
 -6.5087056e-01
  1.1842564e-02
 -1.8323368e-01
 -1.6792497e-01
  1.6543546e-01
  3.2211575e-01
 -1.5223320e-01
 -1.4460653e-01
  3.7502813e-01
 -1.8288994e-01
  2.6121747e-01
  5.1944964e-02
  1.5905835e-01
 -1.5887260e-01
 -2.5748676e-01
  2.5899393e-02
 -2.7198389e-01
  3.2672784e-01
 -1.6812646e-01
 -5.1843848e-02
 -2.0056972e-02
  1.0658827e-02
 -1.6562756e-02
  9.7797766e-02
  6.2528051e-02
  6.9722965e-02
  5.8086973e-02
  6.5744021e-03
  1.2258632e-01
  4.6847735e-02
 -1.3026075e-01
  1.9311471e-01
 -3.8177304e-02
  1.1867275e-02
 -9.7879879e-02
  2.7992376e-04
  4.2882856e-02
 -1.8189840e-02
 -4.4498430e-03
 -6.6122629e-02
 -4.2644709e-02
  7.1529993e-03
 -1.0222993e-02
 -8.1074610e-02
  1.1461455e-01
  6.6901050e-03
 -3.7525033e-03
  7.1523176e-03
 -1.1000057e-01
 -1.0228520e-01
 -3.3165265e-02
  2.0878356e-02
 -8.7594297e-03
  1.1894887e-01
  4.0091991e-02
 -8.8313915e-02
  1.6190963e-02
 -2.5506439e-02
 -3.2512609e-02
 -1.3568318e-01
 -7.8472495e-02
 -2.0030601e-02
  8.4149577e-02
  7.1989554e-03
 -6.0284350e-02
 -4.6814162e-02
  4.3515421e-02
 -1.0662876e-02
  1.0044238e-02
  4.1302727e-03
  1.2567173e-03
  8.6162034e-03
  6.2174428e-02
  8.9661675e-03
 -1.2768988e-02
  6.2778089e-03
  1.6922750e-02
 -2.0120939e-02
 -2.2353832e-02
 -6.9423392e-02
 -3.4262385e-02
  4.2512603e-02
  1.3044784e-02
 -6.3847918e-03
 -2.2327160e-02
 -2.3833252e-03
  3.4793437e-02
  3.2579396e-02
 -8.7539572e-04
  1.5484747e-02
  4.3335244e-02
  2.0653147e-02
 -1.2249668e-02
  8.0618158e-02
  1.8202072e-02
 -9.9353807e-04
 -7.8715645e-03
 -5.4440680e-03
 -5.8369008e-03
 -1.8651402e-02
  5.9616212e-03
  3.8345974e-02
  2.9265499e-02
 -6.7665125e-03
 -5.2303828e-02
  9.9465484e-03
 -5.1440671e-02
 -1.7763238e-02
 -4.2898212e-02
  9.4994731e-02
  1.3154834e-02
 -5.1914535e-02
  1.9957917e-02
 -2.6729066e-02
 -3.7689574e-02
 -4.4374429e-02
 -1.7226810e-02
 -3.2058682e-02
  6.8573549e-02
  5.5459797e-02
 -2.3825107e-02
  3.0736757e-02
 -1.8623993e-02
 -3.1497624e-02
 -2.1425219e-02
 -1.3829049e-02
 -2.7085584e-02
  6.2237639e-02
 -6.9457279e-03
 -3.9806087e-03
 -3.6184661e-02
  2.5035270e-02
 -2.7566804e-03
 -6.2663318e-03
  3.2314453e-03
 -8.2504183e-02
  1.2442298e-02
  2.9385159e-02
 -8.0009941e-03
 -1.7312365e-02
  5.2079506e-04
  5.1309732e-03
 -4.2240559e-03
 -6.9263736e-03
 -4.3906912e-02
  7.7652414e-03
  2.0766916e-02
  1.1944980e-02
  2.0778649e-02
  2.4131891e-01
  1.4627002e-01
 -5.8193898e-01
 -2.9674202e-01
 -3.0256945e-01
  2.4709517e-02
 -3.2849479e-02
  6.2028563e-01
  2.2119834e-01
 -4.6210015e-01
 -4.0007357e-02
 -1.5175976e-01
  6.6029769e-01
 -4.0128320e-01
 -2.5833160e-01
 -4.2049185e-04
 -2.0028538e-01
 -2.1794418e-01
 -1.7456600e-01
 -2.7560022e-01
  1.1500899e+00
  5.2909982e-01
 -1.7166710e-03
 -4.9749470e-01
  3.7520814e-01
 -2.6333717e-01
  1.8023160e-01
  3.3035278e-02
  1.7514695e-01
 -3.9605033e-01
 -2.9115671e-01
  1.9804150e-01
  2.2051625e-01
 -5.1804084e-02
 -1.5708475e-01
 -2.4643654e-01
  7.7281646e-02
  3.9006686e-01
 -6.9269645e-01
  3.4771726e-02
 -4.7875628e-01
 -5.4182732e-01
 -5.3823608e-01
 -3.8958114e-01
  1.3876010e-01
 -1.7834254e-01
  1.5082686e-01
  1.2920208e-02
  6.8931133e-02
  1.3028291e-01
 -9.3428746e-02
  2.2376815e-02
  2.4823682e-02
 -1.6544932e-01
 -2.1543571e-01
  3.6796484e-02
  1.9875519e-02
  1.1412676e-01
  1.3942510e-02
  6.2780529e-02
  1.3705629e-01
 -1.8335536e-02
 -5.9867211e-02
  9.7807264e-03
  3.9990269e-02
  4.0226310e-02
  1.5986869e-01
 -1.4528070e-01
 -1.3562770e-01
  4.2376596e-01
 -6.7046195e-02
  2.3202289e-02
  2.8216615e-01
  1.6002093e-01
 -4.4687417e-01
 -1.3962798e-01
  1.7320564e-01
 -2.0120019e-01
 -6.6212431e-02
 -1.2860659e-01
  2.6271546e-01
  4.0834960e-02
 -1.3317487e-01
  7.3451728e-02
 -6.8976462e-02
 -4.4351317e-02
  7.7941477e-02
  8.6561285e-02
 -1.1232232e-01
  2.4359857e-01
 -7.9322703e-02
  6.7540728e-02
 -1.2007257e-01
  5.2110173e-02
 -1.6467839e-01
  2.5156948e-01
 -1.7202501e-01
  1.5770225e-02
 -6.2446810e-02
 -6.6085391e-02
 -4.6515268e-01
  7.3433809e-02
 -3.1388211e-01
  2.6740962e-01
 -4.3533602e-01
  1.1386720e-01
 -1.3203070e-01
  1.9006626e-01
 -9.8723724e-02
  8.9941271e-02
 -1.3951313e-02
  2.4407748e-02
 -1.7247239e-02
 -7.6036394e-02
  1.3669579e-02
  4.4769716e-02
  3.8509969e-02
 -5.8010668e-02
 -3.1935807e-02
 -4.9609870e-02
 -1.6860407e-02
  4.6270620e-03
  1.1205465e-02
  8.9642070e-02
  8.0734886e-02
  5.8699880e-02
  2.7689630e-02
 -2.5462089e-02
 -1.6067635e-02
  7.4433358e-03
 -1.6552233e-03
 -7.5269858e-03
 -7.4392590e-03
  6.4113265e-04
  1.3389055e-02
  1.9813530e-02
 -2.6877520e-03
  1.9834514e-03
 -2.1206605e-04
  2.3332139e-02
  2.2180337e-02
 -4.7110757e-03
  1.0616378e-03
 -6.2776124e-03
  4.7849379e-03
  7.2969538e-03
  6.6917073e-03
  1.6027344e-02
  7.3060696e-03
 -1.8870512e-03
 -1.9705974e-02
 -1.6411351e-02
 -9.7709801e-04
 -1.7372405e-02
 -9.4717182e-03
  7.4098315e-03
  1.1883397e-02
 -4.3602819e-03
 -1.7269468e-04
 -2.1325752e-02
 -4.9463762e-03
  2.8583235e-03
 -2.1591047e-03
  5.7930388e-03
  1.3917289e-02
  1.7685570e-02
  6.5351636e-03
 -6.3521210e-03
  1.0619036e-02
 -6.6659483e-03
 -1.3235288e-02
 -1.6214667e-02
  1.0660980e-02
  1.8236620e-02
 -7.3553300e-03
  1.2849675e-03
 -1.3592653e-04
  1.0500677e-03
  1.4768558e-02
 -1.5704529e-02
  8.5606822e-04
  9.5575014e-03
  3.5287717e-03
  1.1369342e-02
  2.5302682e-02
  9.1241300e-03
  5.8035385e-03
  8.9885136e-03
  1.0295548e-03
 -1.0466094e-02
 -1.1368701e-02
 -5.2267704e-03
  1.4292451e-03
  1.5255907e-03
  2.1632784e-03
 -4.4401353e-03
  2.7788833e-02
 -3.3760335e-02
 -4.2659673e-03
  6.6911895e-03
 -1.9758565e-02
 -2.5573125e-02
 -7.3548309e-03
  1.2401790e-02
 -2.9900506e-02
  5.2816756e-03
  2.0403227e-02
  1.4347443e-02
  1.9578094e-02
 -8.5144350e-03
  1.4577951e-02
  7.1112346e-03
 -1.8083686e-02
 -7.9873325e-03
 -7.1642431e-03
  1.5183340e-02
 -7.6480256e-03
 -4.4854311e-03
  2.0131290e-02
  9.2674335e-03
 -1.3220905e-02
 -7.9305451e-03
  1.6961170e-02
  1.2050932e-02
  1.1171367e-02
 -7.2754975e-03
 -8.2069887e-03
  2.5733344e-02
 -5.1001310e-03
 -2.8858703e-02
 -1.7482005e-02
  5.1346119e-03
 -1.8170396e-02
  3.4654597e-03
 -2.4479285e-02
 -1.3656052e-02
  1.0441163e-02
  2.1703472e-02
 -3.8261790e-02
  1.0521671e-02
 -1.8497435e-02
 -3.7557567e-03
 -1.0473155e-02
 -5.8246534e-03
 -7.5582694e-03
  7.5862017e-03
 -1.4102679e-02
 -1.4813174e-03
 -2.7584333e-03
  6.1869435e-03
  9.4462588e-04
  7.6922160e-03
 -1.1724724e-03
 -1.9255182e-02
  3.6103227e-03
  1.8855199e-02
  1.2869751e-02
 -4.8627629e-04
  4.9992208e-04
 -1.1831591e-02
  1.8005062e-02
  3.2023028e-02
 -2.7195655e-02
 -4.4126626e-02
  2.7007435e-02
 -2.5870254e-02
 -4.3493710e-02
 -1.5644779e-03
  1.9669387e-02
 -1.3966891e-01
 -1.9948352e-02
  5.7039980e-02
  1.3699399e-02
  1.5649118e-02
  2.1495430e-02
  6.7204997e-02
 -4.3351445e-02
 -5.7599768e-02
 -1.3176441e-02
 -1.2522306e-02
  5.6899212e-02
  4.8658843e-04
  5.2270830e-02
  2.2177979e-02
  3.8994644e-02
 -6.6600680e-02
  1.3930629e-02
  5.0001170e-02
  1.5669763e-02
  3.9834477e-02
  1.7882043e-02
  3.0799344e-02
  2.4625055e-02
 -2.6749023e-03
 -5.3197596e-02
 -6.7419156e-02
  3.8476151e-03
 -2.7501106e-02
  2.4468826e-02
 -6.2773419e-03
  1.0998768e-02
  4.3000311e-02
  2.9913291e-02
 -5.8821838e-02
 -3.9455034e-03
  2.0073380e-02
 -4.5105329e-01
 -5.4946281e-02
 -1.5954915e-03
  7.5800945e-03
 -6.6348729e-03
  1.3957622e-02
 -1.5994098e-02
 -3.4882378e-02
  1.4010544e-02
  1.0662828e-02
 -1.9339912e-03
 -1.0366509e-01
  1.3899837e-02
  1.1451673e-02
  4.2076074e-02
  1.0470665e-02
 -2.8632760e-02
  1.7272566e-02
  4.9767401e-03
 -2.0715594e-02
 -2.4415977e-02
  6.2750690e-03
  3.3995017e-02
  2.4876706e-02
  1.7220501e-02
  6.4457089e-02
 -2.3069602e-02
 -1.7649934e-02
  8.8123195e-02
  3.4981851e-02
 -4.3545388e-02
 -3.6716708e-03
 -4.3995705e-02
  3.0207343e-02
 -1.7109565e-02
  1.2596137e-02
  1.1729458e-02
  1.7870979e-02
 -2.2244291e-02
 -3.1997859e-02
 -3.5927046e-02
  1.0049064e-03
 -7.4477040e-04
 -3.9343629e-02
  4.9598824e-02
  2.3634695e-03
 -7.4274749e-02
 -2.5221719e-03
 -2.0495497e-02
  2.7479995e-02
 -2.0189671e-02
 -1.1399531e-02
 -1.1720416e-02
  4.7137458e-02
  4.1946703e-01
 -4.0158242e-02
  1.4417203e-02
  1.2479698e-02
 -8.2927784e-03
  2.9938130e-02
 -4.6007395e-02
 -1.8334063e-02
  3.9661217e-02
 -1.4296065e-04
 -8.1870500e-03
 -3.6654007e-02
  3.4406614e-02
  1.1992645e-02
  5.2369158e-03
  1.8112563e-03
  2.6436631e-02
  1.4305184e-02
  2.0705489e-02
 -7.8961026e-04
 -1.9171307e-02
 -7.0383083e-03
 -7.7869085e-04
  1.4591444e-03
 -3.4968458e-02
 -4.7923580e-02
 -7.4307411e-03
  2.9003136e-02
 -1.1307055e-02
 -6.0541555e-03
  1.6422093e-01
 -2.0349306e-01
  9.9433994e-01
  6.1357361e-01
  2.8195510e+00
  5.7650167e-01
 -1.4723152e+00
 -2.5725484e+00
 -9.1082883e-01
  1.0201465e+00
  1.3199738e+00
  1.7700802e+00
 -1.4887726e+00
  1.2404926e+00
 -4.7560844e-01
  7.4226570e-01
 -2.2737436e+00
  3.6261564e-01
  9.2332923e-01
  1.0733013e-01
  1.2082124e+00
 -1.9273455e-01
  2.6427844e-01
 -4.6408877e-01
  3.4097004e-01
 -3.3568874e-01
  2.4334104e+00
  5.4976279e-01
  2.4146048e-02
 -2.5483778e+00
  9.5662102e-02
  7.0791894e-01
 -6.2768772e-02
  1.0893650e+00
  5.6281496e-02
  4.9915628e+00
 -1.1964655e+00
 -1.9963082e+00
 -4.3553966e-01
  1.7107284e-01
  1.9249992e+00
  5.3890127e-01
  5.6629294e-01
 -8.5838997e-01
 -4.8013058e-01
 -1.3136493e+00
  5.6401980e-01
  3.3858794e-01
 -2.8483054e-01
 -6.7820288e-02
  4.8421827e-01
 -2.4617825e-01
 -1.5853739e-01
 -5.2710390e-01
 -8.7489617e-01
  1.9938162e-01
  4.5675328e-01
  3.2731357e-01
  1.0142367e+00
 -1.5018516e-02
  4.4828802e-02
 -2.6514390e-01
 -1.4142814e-01
 -7.9910956e-02
  7.4305952e-02
 -2.9362223e-01
  1.4717217e-01
  5.0782835e-01
  7.0649616e-02
 -1.1869751e-01
  1.1926550e-01
 -4.8821130e-01
  3.7212139e-01
 -2.7335903e-01
  5.3652263e-01
  2.5566766e-01
 -4.8590496e-01
 -1.1818014e+00
  4.4440813e-02
  1.2879483e-01
  2.4989153e-01
  1.5727970e-01
  3.2031465e-01
 -6.1675176e-02
 -1.0784711e-01
  4.7510004e-01
 -1.3494371e-01
 -2.9376155e-01
  4.1552645e-01
 -1.1090583e-01
  1.2765284e-01
  8.6313158e-01
  1.4669274e-01
  4.4714320e-01
  1.2831335e-01
  6.4650321e-01
 -3.9559704e-01
 -1.2388546e-01
 -4.6836346e-01
  3.5639411e-01
 -1.2272378e-01
  1.0282603e-02
  4.6056989e-01
 -1.7188223e-01
 -1.6243136e-01
  3.6754173e-01
  4.3013123e-01
  1.5854083e-01
  9.9579781e-02
  2.7693698e-01
  3.1609485e-01
  2.7319002e-01
  3.9308789e-01
  2.0242757e-01
  7.0243746e-02
  4.2338409e-02
 -8.4499568e-02
  3.4811932e-01
  7.2203177e-01
  4.9511784e-01
  2.4263602e-01
  2.2970591e-01
 -6.0941190e-02
  6.3006468e-02
  2.0545249e-01
  1.1767174e-01
  4.2905826e-03
  2.3684445e-01
 -2.2322696e-01
  1.0987340e-01
  2.4671568e-02
  2.8449035e-01
  1.1571880e-01
  3.2157224e-02
  5.7708353e-01
 -1.7003310e-01
 -1.5968639e-01
  1.9849448e-01
  2.2847949e-01
 -1.6849315e-01
 -1.8499854e-01
  3.4961049e-02
 -6.0099646e-02
 -2.4833177e-01
 -3.5587838e-01
 -1.5498313e-01
 -1.1619589e-02
 -2.4609961e-01
 -1.2170132e-01
 -7.6035641e-02
  3.2627001e-01
  2.4056076e-01
  3.2959424e-02
  1.9893087e-01
  3.3004120e-02
 -9.2300721e-02
 -2.2009321e-02
  6.2729084e-01
  1.3621598e-01
 -6.8334036e-02
  8.5935581e-01
  2.0590648e-01
  1.8233423e-01
  1.0044394e-01
 -8.5197046e-02
  4.9104261e-01
  2.6329392e-01
  3.1779429e-01
  2.7108255e-03
  1.1340185e-01
 -1.6959740e-01
  1.7649214e-01
  2.1527150e-01
 -2.8407956e-02
  1.0876829e-01
  7.4166119e-02
  1.2804778e-01
 -2.7847677e-02
 -6.2860712e-02
 -6.1999936e-02
  1.8110964e-02
  8.1091166e-02
 -7.0164964e-02
 -8.7440796e-02
  1.2519866e-01
 -1.1403899e-02
  2.2063687e-02
 -6.4698182e-02
 -5.3801704e-02
 -3.2639459e-02
  1.0647947e-01
  2.6701335e-02
 -9.4950281e-02
  1.5776010e-02
 -4.8441011e-03
  1.1406687e-02
  1.6709900e-02
  2.4564199e-03
 -7.8065791e-03
 -1.1995416e-02
 -2.2085704e-02
 -4.6078339e-02
  1.3016573e-02
  3.7330016e-02
 -7.6523758e-02
 -2.5823925e-02
 -4.0930402e-03
 -1.2977801e-02
  3.2192692e-02
 -4.1704949e-02
 -9.2239529e-03
  5.5679809e-03
 -4.1037131e-02
 -1.5376961e-02
 -5.7620439e-03
  2.8727075e-02
  2.5868533e-02
  3.5299517e-02
  2.8289622e-02
  1.9922806e-02
 -4.9008254e-02
 -6.4198131e-05
  2.9282466e-02
  2.7629068e-02
  2.6465306e-02
  3.7146568e-02
 -2.7415177e-05
 -3.5545905e-04
  3.9056640e-02
 -2.2252040e-02
 -4.8260611e-02
  7.8547234e-03
 -1.0791341e-02
  1.5762508e-02
  1.0817963e-02
  1.8114706e-04
  3.6309019e-02
  3.4022260e-02
 -5.5832621e-02
  6.9058123e-03
  4.4754874e-03
  5.2328739e-02
 -2.4505213e-02
 -7.4210879e-03
  2.0068725e-04
  1.4923876e-02
  1.3855863e-03
 -1.5333511e-02
 -3.2755565e-02
 -2.6967798e-03
  3.6548797e-04
 -2.9275450e-03
  2.5706505e-03
  1.3582108e-03
  3.0169530e-02
  2.6619531e-02
  1.7348779e-02
 -1.4487105e-02
 -7.0248917e-03
 -2.1921308e-04
 -3.2884210e-01
  4.6925277e-01
  3.1191704e-01
 -2.1457398e-01
 -1.1579984e+00
  1.0233290e-01
  5.1053989e-01
 -1.0764955e+00
 -1.8997222e-01
  2.1612206e+00
  1.4745934e-02
 -1.1043850e+00
 -2.0186262e-01
 -3.5059530e-02
 -3.6616442e-01
 -8.6240530e-02
  1.6327900e-01
 -6.6128588e-01
 -5.0870037e-01
 -2.3858821e-01
  2.8566003e-01
  1.6848864e-01
  3.6535226e-03
 -1.4911665e-01
 -4.0858477e-01
  4.3551174e-01
  1.0030733e-01
  1.1293433e+00
  3.4819130e-02
 -9.5796049e-01
 -4.7805539e-01
  4.7056732e-01
  1.0849430e-01
 -8.3574289e-01
  3.0864960e-01
 -1.9042546e+00
 -1.6214997e-01
 -8.3231926e-01
  5.8735490e-01
 -2.7502480e-01
  7.7219561e-02
  3.9648297e-01
  1.3237581e-01
  1.4089485e-01
 -3.2077444e-01
 -5.2394509e-01
 -4.6804827e-01
 -1.9831060e-01
  1.0405421e-02
 -4.0393144e-01
 -4.5239769e-02
  1.6923605e-02
 -1.3194179e-02
 -4.7845787e-01
  7.5070478e-02
 -3.1915954e-01
  3.0115974e-01
  1.1056485e-01
  8.3041906e-02
 -5.7250928e-02
 -1.0768563e-01
 -2.0416630e-02
 -2.7786765e-02
 -1.7971035e-02
 -7.3341839e-02
 -7.4062753e-01
 -6.0949933e-02
  1.8748753e-01
  5.2751929e-02
 -3.9873704e-01
 -5.6491727e-01
  3.7133589e-01
 -3.1551233e-01
 -3.9281455e-01
 -3.2526228e+00
 -4.0668255e-01
  3.5830665e-01
 -1.1087123e-01
  4.7779296e-02
  2.9658929e-01
 -6.6563416e-01
  3.7858045e-01
 -5.6407696e-01
 -3.1839535e-02
 -3.6037377e-01
 -2.4808954e-01
 -3.0519968e-01
  5.8587682e-01
 -3.7997165e-01
 -5.2369874e-02
  3.8482186e-01
 -9.0984255e-01
 -2.1072489e-01
 -4.4166532e-01
  7.3077446e-01
 -4.4722232e-01
 -6.7696792e-01
  5.1454669e-01
  4.4477823e-01
 -1.3213481e-01
  1.9071479e-01
 -5.5914372e-01
 -1.0546072e-01
  1.9141224e-01
 -1.1460977e+00
 -2.0776705e-01
 -2.1694655e-02
  2.2970544e-01
 -7.3556346e-01
  3.2405093e-01
 -4.0603495e-01
  1.7143042e-01
 -5.6208599e-01
 -2.0628522e-01
 -2.1628648e-01
 -7.6716945e-02
 -1.4403966e-01
  7.7862658e-02
 -1.9113276e-02
 -5.4814793e-02
 -3.8664892e-02
 -6.1760854e-02
 -9.3558514e-03
  1.4513984e-01
  2.2265171e-01
 -2.3730592e-01
  7.1154088e-02
  5.3038374e-02
 -6.5174356e-02
  1.1296255e-02
  4.8869587e-03
  2.4425348e-03
  7.1409373e-03
 -6.9282153e-03
  7.4908335e-04
  1.2860523e-02
  1.4770773e-02
 -6.6078887e-03
  1.3059862e-02
  1.6947225e-02
 -3.6826844e-03
 -2.0580394e-02
 -6.5321601e-03
 -1.0691753e-02
  1.2604522e-02
 -1.6850315e-02
  5.9000351e-03
 -2.5657762e-04
  5.8307862e-03
 -1.3152728e-02
 -1.1653207e-02
  2.6945949e-03
 -1.5720870e-02
  7.1520377e-03
  1.1082927e-03
  2.7870990e-02
 -5.9275595e-03
 -8.7751038e-03
  1.1586249e-03
 -2.5820686e-04
 -6.8468498e-03
 -7.8602778e-03
 -1.0044520e-02
 -1.2273274e-02
 -5.0514084e-03
 -1.2730462e-02
 -2.4498131e-03
 -1.8434259e-03
 -1.1775495e-02
 -3.8471057e-03
 -7.0628980e-03
  7.8411895e-04
  2.9200982e-04
  3.2231182e-02
 -4.9605779e-03
 -3.3792190e-02
 -1.3372109e-02
  1.0474723e-02
  7.3409141e-03
 -9.9082962e-03
 -5.8855112e-03
  1.3162694e-02
 -9.4314525e-03
 -1.9785864e-03
 -9.6915979e-03
 -1.7459983e-02
 -1.5448155e-03
  1.5771518e-02
  1.1786548e-02
  5.7409960e-03
 -8.0499994e-03
 -3.0531725e-03
  1.2360513e-02
  1.3848461e-02
  5.7708826e-03
 -1.5069799e-01
 -2.3847967e-01
  1.3439335e-01
  1.8695481e-02
 -2.1760126e-03
 -3.0174388e-02
 -1.0115878e-01
 -1.5485875e-01
 -3.5140502e-01
  3.4020147e-01
  1.4076629e-01
  3.4040627e-01
 -2.6878369e-01
 -6.0703706e-02
  2.8666195e-01
  1.0939797e-01
  5.1472569e-01
  2.7298066e-01
 -1.8460293e-01
  2.9572803e-01
 -2.4175435e-01
 -3.0698979e-02
 -5.5000883e-01
 -3.0716342e-01
 -2.8503096e-01
 -8.8281773e-02
  8.0343544e-02
 -8.9917995e-02
  1.0220998e-01
 -9.8523945e-01
 -4.0790620e-01
 -5.7588655e-01
  3.5526851e-01
  5.3251451e-01
 -8.2606092e-02
  1.3492067e-02
 -3.3807769e-01
 -4.5662429e-02
 -8.4807768e-02
 -4.7749677e-01
  4.4521710e-01
 -4.5142186e-01
  4.4140276e-01
  1.0541195e-01
  2.2676273e-01
 -4.8118937e-01
  3.3929721e-01
  1.6767024e-01
 -1.2688993e-01
  1.0679343e-01
 -2.4929365e-02
 -2.5048489e-02
  9.1247968e-02
  1.9241458e-01
 -6.0973153e-03
  1.0491871e-02
 -4.1615613e-02
 -6.3132383e-02
 -4.1549303e-02
 -1.5028824e-01
 -1.4657873e-01
 -2.3245666e-02
  1.0474709e-01
  4.3271910e-02
  1.8624613e-02
  6.3627516e-03
  1.9583251e-02
 -1.7260334e-02
 -9.9357162e-03
  1.1840225e-02
  6.6912482e-03
 -9.5896661e-02
 -1.0008162e-02
  2.1022962e-02
 -4.5545828e-02
 -2.0144908e-02
  1.8955331e-02
 -4.0930631e-03
  2.2248734e-02
  3.5728635e-03
  3.1523746e-02
 -6.2717111e-03
 -1.9855753e-02
  5.8920528e-03
 -1.2442908e-02
 -2.0606611e-03
  1.0263455e-02
  1.2878993e-02
  1.7126005e-02
  6.8533760e-03
 -2.9224673e-02
  2.1791747e-02
  4.1864451e-02
  5.0731176e-03
  2.5874391e-02
  1.9429266e-02
  4.5721857e-03
  1.7437348e-02
  2.6589585e-02
 -2.0934902e-02
 -4.0594704e-02
 -1.3745466e-02
  9.5883887e-03
  1.7297948e-02
 -1.5607198e-02
 -3.7242975e-02
  9.5098903e-03
 -1.1048381e-03
 -2.5330802e-02
  1.5829662e-02
 -7.1970546e-03
 -1.4807399e-03
 -3.1500491e-03
  6.5694936e-03
 -2.9916661e-03
 -4.8175044e-03
  4.6967138e-03
 -1.7539294e-02
 -4.5262589e-04
 -1.0351747e-02
 -4.0049898e-03
 -5.0977585e-03
  2.4561577e-03
  1.1254329e-03
 -1.8308371e-02
  1.7462024e-02
 -7.8668548e-03
 -1.0220656e-02
 -7.2954972e-03
  1.4316541e-02
  1.4160655e-02
  9.9957697e-02
  1.7218256e-02
  1.9063452e-01
  5.4610789e-01
 -6.3321833e-03
 -1.7797376e-01
  7.0651643e-02
  1.4116734e-01
  2.0506142e-01
  2.3699610e-02
  1.2363095e-01
 -3.5166167e-02
  3.9918858e-01
 -2.5042856e-01
  3.6184594e-01
  4.3156244e-02
 -9.0544447e-02
  1.6416681e-01
  6.1891913e-02
  1.1175185e-01
  4.7905332e-01
  1.0651217e-01
 -4.1169561e-03
 -2.5997465e-02
  2.0698333e-02
  2.2859873e-01
  1.9674268e-01
  1.4302947e-01
 -4.9956888e-01
 -1.0095900e-01
  6.4329699e-02
 -2.6700383e-01
 -2.3074745e-01
 -3.5765558e-02
 -1.0408453e+00
  8.2724497e-02
 -3.8765252e-01
 -4.8277736e-02
 -7.5950772e-02
  1.4618620e-01
  3.5092935e-02
  5.0193924e-01
  2.2703402e-01
 -1.8003258e-01
 -4.6508290e-02
 -2.2178200e-01
 -7.0982024e-02
 -2.7479433e-02
 -2.7301958e-02
 -6.7830896e-03
  3.2531931e-03
 -2.9430855e-02
 -6.9188803e-02
 -4.6960551e-02
  1.2002186e-03
 -1.8747296e-02
 -3.2276392e-03
 -3.1921253e-02
 -5.5759311e-02
  4.3731488e-02
 -9.7243590e-03
 -1.9225854e-02
  1.5635703e-02
 -4.3393220e-03
 -3.1373880e-03
 -2.7355673e-02
  1.6234932e-02
  4.5449626e-02
  8.5781338e-03
  2.0277496e-02
  4.1884985e-02
  3.3493664e-02
 -1.8107882e-02
  2.6037323e-01
  5.9898008e-02
 -4.3183651e-02
 -2.0924384e-02
 -3.4182590e-02
  2.0264950e-02
 -2.0965714e-02
  2.9322833e-02
  3.6850121e-02
  5.5997311e-03
  1.1460484e-02
 -6.5405078e-02
 -2.7176166e-02
 -3.3577196e-02
 -3.6795322e-02
 -5.1639043e-02
  1.0555519e-01
 -2.9899620e-02
 -3.9083980e-02
 -9.6564163e-03
 -8.5640728e-02
 -1.7006694e-03
 -2.8455051e-02
 -2.5701169e-02
 -3.8279600e-02
  5.8023140e-02
  6.5402739e-02
 -7.1639987e-03
  2.0226346e-02
 -2.8246081e-02
 -2.8484626e-02
 -3.1415948e-03
 -3.6175665e-02
 -5.4473225e-02
  6.9436505e-02
 -5.7559896e-02
 -3.2597199e-02
 -4.5975290e-02
  6.0912654e-02
  1.5984310e-02
 -1.3323238e-02
  1.0815331e-02
 -9.9516539e-03
  1.9243138e-02
  4.8545666e-02
  2.0251300e-03
 -4.1899610e-02
  1.1833622e-02
  2.8243149e-03
 -7.5800098e-03
 -1.6208978e-02
 -5.6578048e-02
 -1.5876180e-02
  3.5858941e-03
 -6.4209444e-03
 -7.4635791e-03
 -2.9696408e-03
  1.6193895e-01
 -6.7555276e-03
 -1.1913773e-02
 -1.4607143e-02
  1.0581807e-03
 -2.1290582e-02
  4.3629766e-03
  1.2306205e-02
 -7.4225753e-03
 -1.6249128e-03
  1.2430091e-02
 -1.4386157e-02
  2.1758995e-03
 -1.8336959e-03
 -6.4578918e-03
 -7.2353189e-03
 -2.4457172e-02
 -2.3496358e-03
 -1.9405762e-02
 -1.5239346e-02
 -5.3603868e-03
 -2.4023622e-03
 -3.7878808e-03
  7.5805504e-03
  1.2681903e-03
 -1.7380284e-02
 -1.4066236e-02
  1.1111980e-02
  4.4872621e-03
  1.1423870e-02
  4.4910577e-03
  5.0057913e-03
  3.7677498e-03
  7.1107741e-03
 -2.7402031e-01
 -6.5185633e-03
  1.1366406e-03
 -5.5266260e-03
  3.2711991e-03
 -4.8458204e-03
  1.8953016e-02
  2.8551174e-03
 -1.0626155e-02
 -1.2458361e-02
 -1.2615880e-02
 -2.6489354e-03
 -4.2790705e-03
  5.8432007e-03
 -1.1484997e-04
  1.0227935e-02
  9.4403811e-03
 -1.3227613e-02
 -6.8875067e-03
  1.4730664e-02
 -1.3885040e-02
  1.1738354e-02
 -9.4197961e-03
  1.6010916e-02
 -4.6403506e-03
  1.3369370e-02
 -7.5766095e-03
  1.6880782e-04
  9.5793698e-03
  7.8151869e-03
  2.9123014e-01
  1.8431212e-01
 -3.0709258e-01
 -5.9866969e-02
  1.2817044e+00
  4.0410092e-01
  2.8437236e-01
 -6.7909247e-01
  1.8525828e-01
  1.9499762e-01
 -9.4104730e-02
 -5.1964074e-01
  6.7632508e-01
  2.0036079e-01
 -2.7528849e-01
 -6.6744313e-02
  1.0618091e-01
  6.8125367e-01
 -2.0753871e-01
  6.8219393e-01
 -1.7834347e-02
  1.2326723e+00
 -3.2366899e-01
 -7.6420106e-02
  6.3867629e-01
  2.0589510e-01
  7.2453147e-01
 -8.1851864e-03
  1.2600745e+00
  2.9469505e-01
 -2.9448223e-01
  8.0596602e-01
  2.3927248e-01
  1.4489417e-01
  3.7687734e-01
  3.6433044e-01
  1.6316000e-01
 -2.8924325e-03
 -1.2082380e+00
 -9.1296065e-01
  2.8615534e-01
  3.1658195e-02
  4.4966897e-01
  3.1037527e-01
 -3.7397358e-01
 -2.7960223e-01
  5.0603443e-01
  2.5970086e-01
 -4.2355511e-01
  4.0099394e-01
 -7.5140543e-02
 -4.7537453e-02
  4.8973188e-02
  3.7532097e-01
 -1.6064917e-01
  2.0962717e-01
  2.6534501e-01
  2.8584298e-02
 -3.4375837e-01
 -2.1388017e-01
 -9.8591097e-02
 -1.5020902e-01
 -6.4676646e-03
  1.7364103e-02
  3.2704111e-02
  1.1224769e+00
 -4.9598515e-02
  3.6111420e-01
  3.1446130e+00
  2.3599153e+00
  6.5920663e-01
 -2.1915977e+00
 -1.2222576e+00
  2.2511051e+00
  1.3629807e+00
  8.7492239e-01
  2.9923603e-01
 -3.8429010e-01
 -8.0351818e-01
 -6.4648664e-01
 -2.2786893e-01
 -1.4504815e+00
  3.4139290e+00
  1.9249262e-01
  4.0525150e-01
  1.5774866e+00
 -8.8427281e-01
 -1.2169627e+00
 -7.1775746e-01
  4.8050277e-02
 -6.3747919e-01
  7.0916438e-01
 -5.0146687e-01
  4.5384589e-01
  1.5670625e+00
 -9.2199153e-01
 -1.3782744e+00
  2.6643181e-01
  6.6072732e-01
 -1.2074525e-01
  6.3380504e-01
  3.8782962e-02
 -4.8316315e-01
  5.1552504e-01
  3.7114805e-01
 -2.6031783e-01
 -5.3275448e-01
  6.3954309e-02
 -4.0563703e-01
 -3.4881899e-01
 -1.4184536e+00
  3.1897289e-01
 -3.9867905e-01
 -7.7805561e-01
 -2.5571364e-01
  1.0940997e-01
 -5.4310131e-01
  3.2960877e-01
  6.7049909e-01
 -4.0688309e-01
 -1.0870458e-03
  1.2515822e-01
 -5.4827463e-02
  6.0454434e-01
  4.1017905e-01
  8.4414876e-01
 -4.7983858e-03
  2.9403580e-02
 -6.6528037e-02
 -4.6862930e-02
  2.7128872e-02
  1.2727174e-02
 -2.0518582e-02
 -2.6577741e-02
 -1.6603675e-02
 -1.2751127e-02
 -3.1797111e-02
 -8.3716512e-03
  1.7493889e-02
 -6.0416058e-02
 -2.4026712e-02
  2.2537043e-02
  9.4171129e-03
  1.3187942e-02
 -6.1528939e-03
  9.8570930e-03
 -7.7777710e-05
 -3.6026809e-02
 -1.9869067e-02
 -9.3329689e-03
  1.3547719e-02
  1.5433178e-02
  2.0195683e-03
  1.6577585e-02
  2.1177642e-02
  2.1470929e-02
  1.7164402e-02
  3.6988381e-02
  7.4612969e-03
  3.2515649e-02
 -1.6189637e-02
  4.1851185e-02
  2.7975714e-02
  2.3056252e-02
 -1.6468114e-03
 -3.1726416e-02
 -4.4994857e-03
 -2.5880868e-02
  1.3006078e-02
  9.1607058e-03
 -1.9663790e-02
  1.2940423e-02
  2.4958771e-02
 -7.1232237e-02
  1.9599823e-02
 -7.5954269e-03
  2.1047555e-02
 -1.8003250e-02
  5.7936646e-03
 -6.3661342e-03
 -1.4479458e-02
  1.1727112e-02
 -1.6716627e-02
 -1.7685622e-02
  1.0435478e-02
  3.7334973e-03
  3.8974530e-03
  4.1537355e-03
  1.1360531e-03
  1.9480880e-02
  3.8800579e-02
  5.2883239e-03
 -2.3547180e-02
 -4.3123211e-03
  8.5719684e-03
 -1.8965479e-02
 -6.0378769e-03
  5.1165253e-02
  4.3377850e-02
  8.9181717e-03
  3.0668477e-02
  5.8886129e-02
  1.6769918e-02
  8.5641854e-03
  1.7358910e-01
  1.7499955e-02
 -1.3538526e-02
 -1.4828924e-02
 -2.6657918e-02
 -2.2075821e-04
 -1.0547703e-02
 -3.2034159e-02
  4.4314701e-02
 -1.3453002e-01
  2.3823911e-02
 -6.9015615e-02
 -3.8443536e-03
 -4.1140057e-03
 -2.3054272e-02
 -2.8237764e-02
  7.4413970e-02
 -2.1575129e-02
 -9.2037827e-02
 -1.8268036e-02
  3.9233357e-02
 -6.6020153e-02
 -7.0970871e-02
 -6.9248393e-02
  3.6217112e-02
  3.8307279e-02
  8.7225936e-02
 -4.2761307e-02
  2.5362771e-02
 -9.4427034e-02
  1.6490977e-02
  1.9477002e-01
 -3.1857271e-02
 -1.6683968e-02
  1.0277734e-01
 -6.5063275e-02
 -2.1944579e-02
 -5.9615477e-04
  7.3037967e-02
  9.3342224e-03
 -4.0819948e-03
  7.8820987e-03
 -1.4690135e-03
  2.5473461e-02
  1.4017452e-02
 -1.1082947e-02
 -2.3919743e-02
  1.6353318e-02
 -6.1644018e-03
 -2.1637813e-03
 -2.3930823e-02
 -4.0101174e-02
 -1.7931098e-02
  4.8807401e-02
  2.3752011e-02
 -2.0659696e-02
  2.4605939e-02
 -1.8831815e-01
  4.4619817e-01
  9.3360335e-01
  2.4405387e-01
 -8.0048609e-01
 -8.2439035e-01
 -1.4624583e+00
 -5.6488550e-01
  8.8206059e-01
 -3.0325541e-01
  1.3302720e+00
  1.0504674e+00
 -7.6777172e-01
 -1.0303196e+00
 -4.8212260e-01
  4.9072254e-01
  4.4286174e-01
  1.3592297e+00
 -1.1754803e-01
  7.4831951e-01
 -8.8246608e-01
  8.5914826e-01
  1.1937568e-01
 -8.2728118e-02
  5.6850225e-01
 -5.0772309e-01
 -3.9343452e-01
  4.3015784e-01
 -6.8859446e-01
 -5.2399826e-01
  2.5987402e-01
 -7.7437657e-01
  1.7203796e-01
  3.2170239e-01
  5.7109469e-01
 -7.0191002e-01
 -1.2719765e+00
  4.6224173e-02
  6.7276859e-01
  1.4640497e+00
 -9.4555330e-01
  5.4847205e-01
 -6.1675686e-01
 -1.0842858e-01
  8.7403345e-01
 -1.6010882e-01
  3.9242923e-01
 -7.3388129e-01
 -3.7147693e-02
  2.3512746e-01
 -1.2289952e-02
  1.3445495e-01
 -6.0274225e-01
 -2.8982571e-01
  2.6813519e-01
  2.1556222e-01
  4.5639195e-02
  9.4035760e-02
  4.5529595e-01
  5.6417096e-01
  4.9798895e-02
  1.7646386e-01
 -2.8514096e-01
 -1.9321730e-03
 -6.1084546e-02
 -2.6203623e-02
 -5.5689453e-03
  4.2028889e-02
 -2.0371214e-03
  1.2722121e-02
  5.7539672e-02
 -1.0911392e-02
 -6.2961876e-02
  1.1833817e-01
  4.7258150e-02
 -7.1327902e-02
 -2.8788606e-03
 -2.3972455e-02
  9.2591606e-03
 -2.6681606e-02
  3.8644101e-03
  8.1926376e-02
 -5.8513503e-03
 -1.1303071e-02
 -1.6870382e-01
 -2.2175597e-02
 -2.2625167e-02
 -1.2480847e-02
 -3.6789492e-02
  6.9874853e-02
 -2.4822440e-02
 -5.3148773e-02
 -2.5127534e-02
 -6.8497151e-02
  1.1307493e-02
 -1.5962769e-03
 -5.0899856e-02
 -3.3203308e-02
  5.9777927e-02
  6.3373916e-02
 -1.9404816e-02
  5.1044907e-02
 -1.6902344e-02
  1.4172348e-02
  2.2961956e-02
 -3.1084551e-02
 -3.0766938e-02
  7.8239523e-02
 -4.4178784e-02
 -3.1853821e-02
 -3.6131173e-02
  6.4096950e-02
  1.2175893e-01
 -3.0174432e-02
  1.1315549e-02
  9.6757561e-03
  1.9673897e-02
  3.3074643e-02
  5.5076708e-03
 -1.2089960e-02
 -7.3415781e-03
  6.6439873e-03
 -3.2847947e-03
 -2.2614939e-02
 -1.2982081e-02
 -3.5741430e-02
  5.1196057e-02
 -7.0280428e-03
 -5.4890593e-04
  1.3478392e-01
 -1.9402088e-01
  3.5362816e-04
  6.1362034e-01
  8.8477290e-01
  6.8713313e-01
  3.2172713e-01
 -2.1108711e-01
  4.4831604e-01
 -1.8752511e-01
 -1.2853703e-01
  2.4833511e-01
  2.4813451e-01
 -6.5905839e-01
  1.3321097e+00
  1.2922429e-01
 -1.1312733e+00
  2.2428951e-01
 -6.8244040e-01
 -4.8541871e-01
  1.2840807e+00
 -7.2874177e-01
  9.0385664e-01
  8.9563769e-01
  1.2560449e+00
  4.9059808e-01
 -3.0265167e-01
  4.5802122e-01
 -6.5476477e-01
  9.1065943e-01
 -3.9463183e-01
  1.4300913e+00
 -7.8943515e-01
  3.4538910e-01
  8.9198135e-02
  3.4882978e-02
 -9.0532166e-01
 -5.6767499e-01
 -1.0734396e+00
 -1.8854403e-01
 -1.1327334e-01
  1.1726117e+00
  1.8402152e-01
 -6.9745116e-02
 -9.9907339e-01
  3.6384764e-01
 -4.2578554e-01
  1.7271793e-01
  2.9899582e-01
 -1.1122364e-01
 -2.6014897e-01
  1.7162485e-02
 -1.3123468e-01
  3.7986118e-02
  1.0801529e-01
 -2.6950762e-01
 -1.3354164e-01
  5.8979113e-02
  2.5048411e-01
  1.2933905e-01
  1.9992866e-01
 -1.0812634e-01
  2.4793042e-01
 -1.7062036e-02
  4.7575805e-02
 -1.4970320e-01
 -1.1394855e-01
 -1.2487414e-01
  4.9639713e-02
 -2.4893012e+00
  2.0540806e-02
  4.6800452e-01
 -7.5740404e-02
 -1.9854918e-02
 -1.6016294e+00
 -4.3126568e-01
  1.5393001e-01
 -2.5255913e-01
  3.0651972e-01
  1.3249832e-01
  3.7601560e-01
  2.7593864e-02
 -2.3108540e-01
  3.5057151e-01
 -4.8759824e-01
  5.6003094e-01
  5.3887945e-01
 -2.0043886e-01
 -7.0507896e-01
  5.7524625e-02
  2.0707545e-01
  6.8166223e-03
 -4.7093213e-01
 -5.5939561e-01
  2.1193404e-02
 -3.5991505e-02
 -7.2928935e-01
  1.7040876e-01
  5.5628169e-01
  1.0320833e-01
 -1.1916248e+00
  8.9188382e-02
  9.3575597e-01
  2.7587467e-01
  2.6474601e-01
  6.5068209e-01
  2.0668747e-01
  1.1002465e-01
  2.1929520e-01
  4.8173553e-01
 -4.1215670e-01
  1.2738918e-01
 -5.5195218e-01
  1.3797343e-01
 -2.8175893e-01
  1.3061261e-02
 -6.5383185e-03
  1.1469404e-01
  2.1549580e-01
  7.2604746e-02
 -4.2853277e-02
  7.7460296e-02
  7.3967032e-02
  7.2696261e-02
 -2.6781790e-02
 -4.5672981e-03
 -2.9018680e-02
  2.1724904e-01
 -6.0294874e-02
  9.8432742e-02
 -8.9023693e-04
 -7.4532595e-03
 -5.1482394e-03
 -1.3285725e-02
  1.2904746e-02
  8.6883362e-03
 -1.5013587e-02
  1.1317032e-02
  1.2974072e-02
 -2.9894684e-02
 -1.9193979e-02
 -1.7446486e-03
  1.9640467e-01
 -8.6025515e-04
  6.7683831e-03
  2.2633784e-02
  6.6210603e-04
 -1.3312558e-02
  1.5894912e-02
 -1.1374339e-02
  5.9391824e-03
  1.6368756e-02
 -4.9695210e-03
  2.4954468e-02
 -5.8928020e-03
  6.3716032e-04
 -8.1207855e-03
  4.8827124e-03
  1.6496459e-02
 -3.4846731e-03
 -2.3110036e-02
  6.0499925e-03
  1.2428902e-02
  2.6163815e-02
 -5.2433158e-03
 -9.5111215e-03
  4.7758073e-03
 -8.3609167e-03
 -1.8701059e-05
  1.7057708e-02
 -3.5711392e-03
  1.6948357e-02
  4.8154788e-03
 -9.6940581e-04
  9.6188951e-03
  6.9705439e-03
 -3.2529307e-03
 -1.3748525e-02
  4.4442154e-04
 -2.0198576e-02
  1.3848028e-02
  1.1841794e-02
 -1.0328645e-02
 -3.6792833e-02
  1.8055544e-03
 -4.5998292e-03
  6.4383876e-03
  1.9644906e-03
  1.3893828e-02
 -1.8679638e-03
  6.4638765e-03
 -3.4755317e-03
 -7.6636430e-03
  1.0168561e-02
 -5.8969529e-03
  2.5378713e-02
  3.5617314e-02
 -1.5123808e-02
 -3.7876282e-02
 -1.3278696e-02
 -1.1605218e-02
 -2.7682725e-02
 -2.4979692e-02
  2.5390539e-02
 -6.4964570e-02
 -4.0032998e-02
  3.9313257e-02
  7.7492269e-03
  2.1497056e-02
 -6.9520287e-03
  2.7513489e-02
  6.3966513e-03
 -7.1281483e-03
 -3.1128032e-02
 -3.2926770e-03
  5.7619173e-02
  2.8095271e-02
  2.9470025e-02
  4.2841725e-02
  2.3355834e-02
 -6.1653122e-02
  1.5828423e-02
  2.5621526e-02
 -2.1602008e-04
  4.2922147e-02
 -1.6884184e-02
  4.3324657e-02
 -2.9612219e-02
  4.0857770e-02
 -3.1051226e-02
 -4.1414071e-02
 -1.9489672e-02
  7.3635019e-04
  3.7135724e-02
  1.2901907e-02
 -1.5285683e-02
  1.8503180e-02
  2.5663296e-02
 -5.2513208e-02
  1.9611342e-02
  3.7781585e-02
  1.3230260e-02
 -4.3054629e-02
 -1.4032907e-02
 -2.0547688e-02
 -9.5376829e-03
 -1.5692681e-02
 -2.2035394e-02
 -1.8314483e-02
  2.1565647e-03
  1.0756703e-02
 -1.8275594e-02
  1.9389182e-02
  1.2970374e-02
  3.0359998e-02
  3.2004867e-02
  1.9445306e-02
 -3.5040893e-02
 -1.5041689e-02
  1.0835185e-02
 -1.2557105e-03
 -2.5998930e-02
 -4.9246894e-03
 -4.0727779e-03
 -3.1856119e-03
  1.1757590e-02
  2.2376927e-02
  6.8004918e-03
 -4.2343861e-03
  2.9842583e-02
  8.5591273e-03
 -2.0214109e-02
  7.7822166e-03
 -1.1856054e-02
  1.2756281e-02
  5.7120365e-03
  1.0675335e-02
  1.7212167e-02
 -5.4761251e-03
  1.1140143e-02
 -1.9995987e-02
 -8.3786845e-03
 -2.8646264e-02
  1.3814581e-02
 -2.5556149e-02
  1.8659003e-02
 -1.4471839e-02
 -1.2756342e-02
 -1.1394520e-02
  1.1026403e-02
 -4.0166669e-02
 -1.8268682e-02
 -4.1152801e-02
 -1.4893940e-02
  3.1358141e-02
  4.5383391e-03
  1.6288274e-03
  3.9712219e-03
  2.7113799e-02
 -6.1121816e-03
 -3.2462212e-03
 -2.3961747e-02
 -7.8536654e-03
  1.8659003e-02
 -1.3282754e-02
  1.6075139e-03
 -2.9704841e-03
  1.7143624e-02
  2.7001340e-02
  4.0602982e-03
 -2.6111447e-03
 -5.3938963e-03
  1.3009556e-02
  2.7072253e-02
  1.1334845e-02
 -1.2093162e-02
 -2.4943026e-03
 -4.1084786e-04
 -1.2180603e-02
 -3.4027772e-03
 -2.9264810e-02
 -2.2619497e-03
 -3.0064625e-03
  4.4832565e-03
 -2.4720731e-03
  1.0872771e+00
  1.8054088e+00
  3.0007320e-02
  1.9994193e+00
 -1.9876876e+00
 -8.0720372e-03
 -1.1870385e+00
 -1.1135774e-02
 -9.4517089e-02
  5.5547380e-01
 -1.2366501e-02
 -5.4187910e-03
 -2.4678282e-02
  2.8914127e-01
  6.1517786e-03
  3.4287610e+00
  8.1747568e-01
 -1.1718646e+00
  3.4708593e-03
  7.2186828e-01
  1.0655692e+00
 -5.2375915e-03
 -1.3207042e-02
  7.6021260e-01
 -1.5221132e+00
  1.8212852e-01
  3.9558867e-01
  8.3265513e-01
  1.0283414e-01
  2.5226777e-02
 -1.0421520e+00
 -6.8929315e-01
  3.2248087e-02
  5.2126572e-03
  9.1727728e-01
  1.6263494e-01
  2.9726457e-04
  2.1263192e+00
  1.3163315e+00
 -9.8194635e-01
  2.0207050e-03
  5.7350434e-02
  2.5953326e+00
 -9.4177866e-01
  2.1322908e+00
 -4.7165591e-01
  9.6190395e-03
  2.2481996e-01
  2.2034386e-04
 -7.5866812e-01
 -8.7103723e-03
 -7.5609177e-02
  9.1160929e-01
  1.0961616e+00
  1.0208728e-02
 -4.3004733e-01
 -1.0809027e-01
  8.3423866e-04
 -2.1183043e+00
 -8.6035865e-04
  3.7509296e-03
 -4.1810432e-03
  1.0504686e-01
  1.3129715e-02
  2.0257074e-01
  8.7018106e-03
  3.8372591e-01
  7.2014518e-03
  3.1043300e-01
 -2.6441373e-02
 -1.6533367e-02
 -5.4668975e-01
  2.0181049e-01
 -5.3819250e-03
 -1.3466130e-02
 -7.4313214e-04
 -4.0404210e-03
 -9.9024075e-01
  1.1592673e+00
  7.9672152e-01
  5.0893658e-01
 -2.5822055e-01
  2.8966260e+00
 -2.4918992e-02
 -9.1549832e-01
 -4.0606023e-03
 -1.0082780e+00
 -5.1971853e-02
 -1.0421194e-02
  2.9976785e-01
 -7.7369571e-01
  3.8195278e-03
 -1.7824160e-02
 -1.2468026e+00
 -1.7292345e-02
 -1.9708019e+00
  3.0062253e+00
 -1.9624803e-02
  7.1549695e-03
 -2.4279333e-03
 -9.6801180e-01
  2.0574491e+00
 -8.9737111e-01
 -9.1551650e-01
 -5.1567584e-01
 -1.2508154e-01
 -1.3839898e+00
  1.9382879e-01
  4.5467979e-01
  5.9708148e-01
  2.8730157e-01
 -8.5809916e-02
  2.1473989e-01
  6.6592497e-01
  1.5435526e-01
  2.2028284e+00
 -3.6971068e-01
  1.1251565e+00
  6.9929950e-02
  3.9049226e-01
 -5.0038624e-01
  2.7231881e-01
  1.2420782e-01
 -1.4912158e+00
 -4.0440142e-01
 -1.0161793e+00
 -1.0779516e+00
  1.5326625e+00
 -6.0691130e-01
 -1.9131266e-01
 -7.5140870e-01
 -3.4323809e-01
 -3.2921636e-01
 -1.0263110e-03
 -1.6520357e+00
  4.4728330e-01
  2.3948954e-01
  1.3992362e+00
 -9.3885875e-01
  6.6594231e-01
 -7.0082620e-02
 -3.2499370e-01
  8.6313653e-01
  1.7108132e+00
 -7.4756491e-01
 -1.0601740e+00
  1.2369902e-01
 -1.2643287e+00
 -6.2346221e-03
 -7.8191316e-01
  3.2193473e-01
  5.3257859e-01
 -1.3139597e+00
  1.8982327e+00
  2.3625198e-01
 -6.0574788e-01
  6.2473869e-01
 -8.8149138e-02
 -3.2145226e-01
 -2.8870851e-01
  4.3534376e-02
  1.8831025e-01
 -6.2716317e-01
  3.0479649e-01
 -6.9213605e-01
 -7.3156312e-02
 -9.8536110e-01
  9.2861511e-02
  1.3668287e+00
  3.6212590e-01
  1.9733158e-01
 -6.4454716e-01
 -4.0759203e-01
  2.8327776e-02
 -8.1418440e-02
 -1.9247127e-01
  1.9995475e-01
 -1.4690019e+00
  1.6101414e+00
 -4.2369434e-01
 -1.7251489e-01
  8.7167549e-01
  5.6374884e-01
  3.1287272e-02
  6.0892016e-01
 -7.7713884e-02
 -1.6130564e-01
  2.9397684e-01
 -2.3222353e-02
  1.2030597e+00
  1.4345883e+00
 -1.9435357e-01
  2.4343264e-01
  1.2683166e+00
  2.4515079e-01
  1.6594976e+00
  9.0143359e-01
 -3.6601502e-02
 -1.7666215e-01
  7.2401181e-02
  3.2726355e+00
 -1.5689667e-01
 -8.2290024e-01
  1.6521803e+00
  6.0490984e-01
  8.0264255e-02
  1.2263861e+00
 -9.4932473e-01
 -5.8598858e-01
 -4.7860864e-01
  6.0862178e-01
 -1.2513827e+00
 -1.4147185e+00
 -5.6985921e-01
 -1.8955262e+00
  1.6827817e+00
  1.8976074e+00
 -7.1530032e-01
  2.1612620e+00
  1.4252769e+00
 -1.1243683e-01
 -1.5792516e+00
 -2.3644710e+00
 -1.2293802e+00
 -1.3475353e+00
 -3.0774251e-01
  9.4484073e-01
  4.2450806e-01
 -7.2285396e-01
  1.5868089e+00
 -1.8167084e+00
  6.0227704e-01
  4.1986763e-01
  2.5006254e+00
 -2.6194543e-01
 -3.0720878e-01
 -1.5316303e+00
  8.3953208e-01
 -2.6098454e+00
  1.3691813e+00
  1.3939892e+00
 -1.6281989e+00
 -4.5339212e-01
  1.8598150e+00
  9.5567036e-01
 -7.9367526e-02
 -2.9136188e+00
 -3.6922768e-01
  3.4874699e-01
 -3.2355571e+00
 -1.0988803e+00
  2.1131057e-01
 -2.3490462e+00
 -1.3449732e+00
  1.9822992e+00
  4.2732045e-01
 -1.0068557e+00
 -1.7919180e+00
  1.8967812e+00
 -7.4459094e-01
  1.5344731e+00
  1.1519413e+00
 -4.2246777e-01
  3.6978373e-01
  8.8961802e-02
 -1.1402421e+00
 -1.4996953e+00
 -7.1292084e-01
  3.2428727e+00
  1.3823291e+00
 -1.2190648e+00
  2.9296749e+00
  9.0062970e-01
 -8.7465596e-01
  5.4203594e-01
 -1.5410309e+00
 -1.4059987e+00
  1.7223375e-01
  9.4152194e-01
  1.2352362e+00
 -1.6227682e+00
  1.7075247e-01
  2.0444827e+00
 -2.3957629e+00
 -1.7816502e+00
  5.6301105e-01
  7.8527927e-01
 -1.3240880e+00
 -2.0916958e+00
 -1.4431423e+00
 -7.0814049e-01
  3.9902270e-02
 -3.8345557e-01
 -3.1066412e-01
  2.7532700e-01
  1.9765881e+00
 -3.1601943e-02
 -1.2794293e-01
  9.5689929e-01
 -6.8557620e-01
  1.4017051e+00
 -2.8777473e+00
  2.1878901e+00
 -3.7390504e+00
 -2.3632147e+00
  4.1940746e-01
 -2.8345048e+00
 -8.9446330e-01
  1.9672897e+00
 -3.1610063e-01
 -1.6439843e+00
 -1.3597953e-01
 -1.9942271e+00
  2.3034480e+00
 -5.2331430e-01
 -1.6369973e+00
  1.4189925e+00
 -2.3441012e-01
  6.0620463e-01
  8.2684048e-02
 -1.1970977e+00
 -1.2636451e+00
  1.2232308e+00
  1.0985836e+00
  8.4215379e-01
  1.8149263e+00
 -2.4660490e-01
 -8.9086288e-01
  1.2920387e+00
  5.9712934e-01
  2.9836076e-01
  4.7127792e-01
  2.9905202e+00
 -5.8149922e-01
 -1.7333667e+00
  3.3703165e+00
  2.4554882e+00
  3.7458065e-01
  1.1351341e+00
  1.0854694e-01
 -1.6080766e+00
  3.2449088e+00
 -3.0999918e+00
 -5.8342046e-01
  3.1135297e+00
 -2.3086023e+00
 -5.5124986e-01
  1.1975946e-01
  1.0270602e+00
 -3.8100150e-01
 -6.3222420e-01
 -6.3512321e+00
 -7.6297484e-02
 -3.9603153e-01
 -2.1574669e+00
  2.5138094e+00
  2.0476825e+00
 -1.6005206e-01
  1.7049758e+00
  8.2547760e-01
 -3.2179964e-01
 -2.3827185e-01
  1.5623635e-01
 -3.4907875e+00
  2.3314422e-01
  1.9791844e+00
 -3.0907061e+00
 -8.6754835e-01
  2.5669618e+00
 -5.6029167e+00
 -1.1832848e+00
  2.2833643e+00
  2.3914301e+00
 -7.8858298e-01
 -7.3398936e-01
 -6.7996901e-01
  1.1065336e+00
  6.9580543e-01
 -9.0372533e-01
  2.0116153e+00
  1.9526860e-01
 -2.7588151e+00
  3.9282814e-01
  1.3590456e+00
  4.0431646e-01
 -4.0307525e-01
 -1.5932763e-01
 -2.3365939e+00
  1.3808502e+00
  8.3746499e-01
 -2.4007992e-01
 -2.8158832e-01
  1.1430436e+00
  2.9765911e+00
  6.1110294e-01
 -1.8490045e+00
  5.5989826e-01
 -3.0056438e-01
  3.0113549e+00
 -1.6969090e+00
  2.9461980e+00
  5.7615483e-01
  4.2579314e-01
  1.5618335e-02
  1.5618335e-02
  1.5618335e-02
  1.5618335e-02
  1.5618335e-02
  1.5618335e-02
  1.5618335e-02
  1.5618335e-02
  1.5618335e-02
  1.5618335e-02
  1.5618335e-02
  4.9694210e-02
  4.9694210e-02
  4.9694210e-02
  4.9694210e-02
  4.9694210e-02
  4.9694210e-02
  4.9694210e-02
  4.9694210e-02
  4.9694210e-02
  1.8851576e-02
  1.8851576e-02
  1.8851576e-02
  1.8851576e-02
  1.8851576e-02
  1.8851576e-02
  1.8851576e-02
  1.8851576e-02
  1.8851576e-02
  1.1165326e-02
  1.1165326e-02
  1.1165326e-02
  1.1165326e-02
  1.1165326e-02
  1.1165326e-02
  1.1165326e-02
  1.1165326e-02
  1.1165326e-02
  9.0628890e-03
  9.0628890e-03
  9.0628890e-03
  9.0628890e-03
  9.0628890e-03
  9.0628890e-03
  9.0628890e-03
  9.0628890e-03
  9.0628890e-03
  7.1403356e-03
  7.1403356e-03
  7.1403356e-03
  7.1403356e-03
  7.1403356e-03
  7.1403356e-03
  7.1403356e-03
  7.1403356e-03
  7.1403356e-03
  5.2918172e-03
  5.2918172e-03
  5.2918172e-03
  5.2918172e-03
  5.2918172e-03
  5.2918172e-03
  5.2918172e-03
  5.2918172e-03
  5.2918172e-03
